student_id,HST-001,HST-002,HST-003,HST-004,HST-005,HST-006,HST-007,HST-008,HST-009,HST-010,HST-011,HST-012,HST-013,HST-014,HST-015,HST-016,HST-017,HST-018,HST-019,HST-020,HST-021,HST-022,HST-023,HST-024,HST-025,HST-026,HST-027,HST-028,HST-029,HST-030,HST-031,HST-032,HST-033,HST-034,HST-035,HST-036,HST-037,HST-038,HST-039,HST-040,HST-041,HST-042,HST-043,HST-044,HST-045,HST-046,HST-047,HST-048,HST-049,HST-050,HST-051,HST-052,HST-053,HST-054,HST-055,HST-056,HST-057,HST-058,HST-059,HST-060,HST-061,HST-062,HST-063,HST-064,HST-065,HST-066,HST-067,HST-068,HST-069,HST-070,HST-071,HST-072,HST-073,HST-074,HST-075
STU-001,0.2592402606458915,0.0,0.0,0.0,0.7777207819376746,0.7179267667312637,0.0,0.0,0.2592402606458915,0.0,0.0,0.0,0.0,0.0,0.7179267667312637,0.0,0.2592402606458915,0.0,0.0,0.0,0.27527078308975234,0.0,0.0,0.27527078308975234,0.0,0.7179267667312637,0.0,0.0,0.0,0.27527078308975234,0.0,0.0,0.0,0.0,0.0,0.0,0.0,0.27527078308975234,0.0,0.0,0.0,0.0,0.0,0.0,0.0,0.0,0.0,0.0,0.0,0.0,0.0,0.0,0.0,0.0,0.0,0.0,0.0,0.0,0.0,0.0,0.0,0.0,0.0,0.0,0.0,0.0,0.0,0.0,0.0,0.0,0.0,0.0,0.0,0.0,0.0
STU-002,0.0,0.0,0.0,0.0,0.0,0.0,0.0,0.0,0.0,0.0,0.0,0.0,0.0,0.0,0.0,0.0,0.0,0.0,0.0,0.0,0.0,0.0,0.0,0.0,0.0,0.0,0.0,0.0,0.0,0.0,0.0,0.0,0.0,0.0,0.0,0.0,0.0,0.0,0.0,0.0,0.5379444375946745,0.32627979462303947,0.0,0.0,0.0,0.32627979462303947,0.5379444375946745,0.0,0.32627979462303947,0.0,0.0,0.0,0.0,0.5379444375946745,0.5379444375946745,0.0,0.0,0.0,0.9788393838691184,1.6138333127840234,0.0,0.0,0.0,0.0,0.32627979462303947,0.0,0.0,0.0,0.0,0.0,0.0,0.0,0.0,0.0,0.0
STU-003,0.0,0.0,0.2865047968601901,0.0,0.2865047968601901,0.0,0.6179252946146503,0.0,0.0,0.0,0.20597509820488344,0.0,0.0,0.0,0.20597509820488344,0.0,0.0,0.0,0.6179252946146503,0.2865047968601901,0.20597509820488344,0.4274149319487267,0.8595143905805702,0.6179252946146503,0.4274149319487267,0.2865047968601901,0.4274149319487267,0.0,0.2865047968601901,0.0,0.0,0.0,0.0,0.4274149319487267,0.2865047968601901,0.0,0.0,0.2865047968601901,0.0,0.0,0.0,0.0,0.0,0.0,0.0,0.0,0.0,0.0,0.0,0.0,0.0,0.0,0.0,0.0,0.0,0.0,0.0,0.0,0.0,0.0,0.0,0.0,0.0,0.0,0.0,0.0,0.0,0.0,0.0,0.0,0.0,0.0,0.0,0.0,0.0
STU-004,0.0,0.0,0.0,0.0,0.0,0.0,0.0,0.0,0.0,0.0,0.0,0.0,0.0,0.0,0.0,0.0,0.0,0.0,0.0,0.0,0.0,0.0,0.0,0.0,0.0,0.0,0.0,0.0,0.0,0.0,0.0,0.0,0.0,0.0,0.0,0.0,0.0,0.0,0.0,0.0,0.951229424500714,0.0,0.0,0.0,0.0,0.0,0.0,0.0,0.951229424500714,0.0,0.951229424500714,0.0,0.0,0.951229424500714,0.0,0.0,0.0,0.951229424500714,0.0,0.0,0.0,0.951229424500714,0.0,0.0,0.951229424500714,0.0,0.0,0.0,0.0,0.0,0.0,0.0,0.951229424500714,0.0,0.0
STU-005,0.0,0.3605949401730783,0.1901389801015205,0.0,0.1901389801015205,0.3605949401730783,0.0,0.5704169403045615,0.0,0.0,0.0,0.1901389801015205,0.0,0.1901389801015205,0.1901389801015205,0.0,0.5704169403045615,0.1901389801015205,0.0,0.0,0.0,0.3605949401730783,0.3605949401730783,0.0,0.0,0.0,0.0,0.0,0.0,0.0,0.0,0.3605949401730783,0.0,0.0,0.0,0.3605949401730783,0.0,0.0,0.0,0.0,0.0,0.0,0.0,0.0,0.0,0.0,0.0,0.0,0.0,0.0,0.0,0.0,0.0,0.0,0.0,0.0,0.0,0.0,0.0,0.0,0.0,0.0,0.0,0.0,0.0,0.0,0.0,0.0,0.0,0.0,0.0,0.0,0.0,0.0,0.0
STU-006,0.0,0.0,0.0,0.0,0.0,0.0,0.0,0.0,0.0,0.0,0.0,0.0,0.0,0.0,0.0,0.0,0.0,0.0,0.0,0.0,0.0,0.0,0.0,0.0,0.0,0.0,0.0,0.0,0.0,0.0,0.0,0.0,0.0,0.0,0.0,0.0,0.0,0.0,0.26713530196585034,0.0,0.0,0.0,0.0,0.0,0.0,0.0,0.8681526538171518,0.0,0.697676326071031,0.8094601691540604,0.0,0.0,0.0,0.0,0.801405905897551,0.0,0.0,0.26713530196585034,0.697676326071031,0.0,0.0,0.0,0.0,0.0,0.2893842179390506,0.0,0.0,0.2893842179390506,0.2893842179390506,0.0,0.697676326071031,0.0,0.801405905897551,0.0,0.0
STU-007,0.0,0.0,0.0,0.0,0.0,0.0,0.0,0.0,0.0,0.0,0.0,0.0,0.0,0.0,0.0,0.0,0.0,0.0,0.0,0.0,0.0,0.0,0.0,0.0,0.0,0.0,0.0,0.0,0.0,0.0,0.0,0.0,0.0,0.0,0.0,0.0,0.0,0.0,0.0,0.0,0.0,0.0,0.0,0.0,0.25410695955280027,0.0,0.0,0.0,0.0,0.7788007830714049,0.0,0.0,0.0,0.0,0.0,0.0,0.0,0.0,0.7788007830714049,0.0,0.25410695955280027,0.7623208786584008,0.25410695955280027,0.0,0.0,0.0,0.7788007830714049,0.0,0.0,0.0,0.0,0.0,0.7623208786584008,0.0,0.7623208786584008
STU-008,0.0,0.0,0.0,0.0,0.0,0.0,0.0,0.0,0.0,0.0,0.0,0.0,0.0,0.0,0.0,0.0,0.0,0.0,0.0,0.0,0.0,0.0,0.0,0.0,0.0,0.0,0.0,0.0,0.0,0.0,0.0,0.0,0.0,0.0,0.0,0.0,0.0,0.0,0.0,0.0,0.0,0.43604928632153556,1.4897559113742285,0.0,0.0,1.3212949635179978,0.49658530379140947,0.0,0.0,0.0,0.0,0.0,0.0,0.0,0.49658530379140947,0.0,0.0,0.0,1.3081478589646067,0.43604928632153556,0.0,0.49658530379140947,0.0,0.0,0.0,0.0,0.0,0.0,1.3081478589646067,0.0,0.49658530379140947,0.0,0.0,0.0,0.0
STU-009,0.0,0.0,0.0,1.6629818542035213,0.0,0.0,0.0,0.0,0.0,0.0,0.0,1.6629818542035213,0.0,0.0,0.33621649370673334,0.835270211411272,0.0,0.0,0.0,0.0,0.835270211411272,0.0,0.33621649370673334,0.0,0.835270211411272,0.33621649370673334,0.33621649370673334,1.6629818542035213,0.0,0.0,0.835270211411272,0.0,0.0,0.0,0.0,0.0,0.0,0.0,0.0,0.0,0.0,0.0,0.0,0.0,0.0,0.0,0.0,0.0,0.0,0.0,0.0,0.0,0.0,0.0,0.0,0.0,0.0,0.0,0.0,0.0,0.0,0.0,0.0,0.0,0.0,0.0,0.0,0.0,0.0,0.0,0.0,0.0,0.0,0.0,0.0
STU-010,0.0,0.0,0.9788393838691184,0.4274149319487267,0.4274149319487267,0.0,0.0,0.0,0.0,0.0,0.0,1.28224479584618,0.0,3.023134965822902,0.4274149319487267,0.8869204367171575,0.0,0.0,1.2951315702872392,0.32627979462303947,0.0,0.0,0.0,0.4274149319487267,0.0,0.0,0.0,0.4274149319487267,0.0,0.0,0.0,0.0,0.4274149319487267,0.0,0.0,0.0,0.0,0.0,0.0,0.0,0.0,0.0,0.0,0.0,0.0,0.0,0.0,0.0,0.0,0.0,0.0,0.0,0.0,0.0,0.0,0.0,0.0,0.0,0.0,0.0,0.0,0.0,0.0,0.0,0.0,0.0,0.0,0.0,0.0,0.0,0.0,0.0,0.0,0.0,0.0
STU-011,0.0,0.0,0.0,0.0,0.0,0.0,0.0,0.0,0.0,0.0,0.0,0.0,0.0,0.0,0.0,0.0,0.0,0.0,0.0,0.0,0.0,0.0,0.0,0.0,0.0,0.0,0.0,0.0,0.0,0.0,0.0,0.0,0.0,0.0,0.0,0.0,0.0,0.0,0.0,0.9607894391523232,0.6179252946146503,0.0,0.0,0.0,0.0,0.0,0.0,0.0,4.615581731933179,0.0,0.0,0.0,0.0,0.0,0.9607894391523232,0.0,0.0,0.0,0.17906614791149322,0.0,0.0,0.0,0.0,0.0,0.0,0.5371984437344797,0.0,0.0,0.0,0.0,0.9607894391523232,0.6179252946146503,0.0,0.0,0.0
STU-012,0.0,0.0,0.0,0.0,0.45384479528235583,0.0,0.0,0.45384479528235583,0.45384479528235583,0.0,0.2698200563846868,0.0,0.0,0.0,0.0,0.45384479528235583,1.3752180339156705,0.0,0.2698200563846868,0.2698200563846868,0.0,0.0,0.0,0.45384479528235583,0.0,0.5433508690744998,0.0,0.45384479528235583,0.0,0.0,0.45384479528235583,0.45384479528235583,0.0,0.45384479528235583,0.0,0.8175953791020378,0.0,0.0,0.0,0.0,0.0,0.0,0.0,0.0,0.0,0.0,0.0,0.0,0.0,0.0,0.0,0.0,0.0,0.0,0.0,0.0,0.0,0.0,0.0,0.0,0.0,0.0,0.0,0.0,0.0,0.0,0.0,0.0,0.0,0.0,0.0,0.0,0.0,0.0,0.0
STU-013,0.0,0.0,0.0,0.0,0.0,0.0,0.0,0.0,0.0,0.0,0.0,0.0,0.0,0.0,0.0,0.0,0.0,0.0,0.0,0.0,0.0,0.0,0.0,0.0,0.0,0.0,0.0,0.0,0.0,0.0,0.0,0.0,0.0,0.0,0.0,0.0,0.0,0.0,0.0,0.0,0.0,0.17204486382305054,0.0,0.0,0.0,0.0,0.17204486382305054,0.0,0.0,0.17204486382305054,0.0,0.0,0.0,0.0,0.0,0.0,0.0,0.0,0.0,0.0,0.0,0.17204486382305054,0.17204486382305054,0.0,0.17204486382305054,0.0,0.0,0.0,0.0,0.0,0.17204486382305054,0.0,0.17204486382305054,0.0,0.0
STU-014,0.0,0.0,0.0,0.0,0.0,0.0,0.0,0.0,0.0,0.0,0.0,0.0,0.0,0.0,0.0,0.0,0.0,0.0,0.0,0.0,0.0,0.0,0.0,0.0,0.0,0.0,0.0,0.0,0.0,0.0,0.0,0.0,0.0,0.0,0.0,0.0,0.0,0.0,0.38289288597511206,0.0,0.0,0.0,0.38289288597511206,0.38289288597511206,0.0,0.38289288597511206,0.38289288597511206,0.0,0.0,0.38289288597511206,0.0,0.0,0.0,0.0,0.0,0.0,0.38289288597511206,0.0,0.0,0.0,0.0,0.0,0.0,0.38289288597511206,0.0,0.0,0.0,0.0,0.0,0.0,0.0,0.0,0.0,0.0,0.0
STU-015,0.0,0.0,0.0,0.0,0.0,0.0,0.0,0.0,0.0,0.0,0.0,0.0,0.0,0.0,0.0,0.0,0.0,0.0,0.0,0.0,0.0,0.0,0.0,0.0,0.0,0.0,0.0,0.0,0.0,0.0,0.0,0.0,0.0,0.0,0.0,0.0,0.0,0.0,0.18451952399298926,0.0,0.18451952399298926,0.0,0.0,0.0,0.0,0.31663676937905316,0.0,0.0,0.0,0.0,0.0,0.0,0.0,0.0,0.18451952399298926,0.0,0.0,0.0,0.0,0.31663676937905316,0.0,0.31663676937905316,0.18451952399298926,0.5535585719789677,0.5535585719789677,0.0,0.18451952399298926,0.31663676937905316,0.0,0.0,0.0,0.18451952399298926,0.5535585719789677,0.31663676937905316,0.0
STU-016,0.0,0.0,0.3395955256449391,0.3395955256449391,0.0,0.0,0.0,0.0,0.0,0.45384479528235583,1.0187865769348172,0.0,4.218324082981918,0.8693582353988059,0.0,1.0187865769348172,0.3395955256449391,0.0,1.3615343858470674,0.0,1.3752180339156705,0.0,0.0,0.8693582353988059,0.0,0.0,0.0,0.0,0.0,0.0,0.8693582353988059,0.0,0.0,0.0,0.8693582353988059,0.3395955256449391,0.0,0.3395955256449391,0.0,0.0,0.0,0.0,0.0,0.0,0.0,0.0,0.0,0.0,0.0,0.0,0.0,0.0,0.0,0.0,0.0,0.0,0.0,0.0,0.0,0.0,0.0,0.0,0.0,0.0,0.0,0.0,0.0,0.0,0.0,0.0,0.0,0.0,0.0,0.0,0.0
STU-017,0.0,0.0,0.0,0.0,0.0,0.0,0.0,0.0,0.0,0.0,0.0,0.0,0.0,0.0,0.0,0.0,0.0,0.0,0.0,0.0,0.0,0.0,0.0,0.0,0.0,0.0,0.0,0.0,0.0,0.0,0.0,0.0,0.0,0.0,0.0,0.0,0.0,0.0,0.6570468198150567,0.6570468198150567,0.0,0.0,0.6570468198150567,0.0,0.6570468198150567,0.0,0.0,0.0,0.0,0.6570468198150567,0.0,0.0,0.0,0.0,0.0,0.0,0.0,0.0,0.0,0.0,0.6570468198150567,0.0,0.0,0.0,0.0,0.0,0.0,0.6570468198150567,0.0,0.0,0.0,0.0,0.6570468198150567,0.0,0.6570468198150567
STU-018,0.6770568744981647,0.0,0.0,2.0311706234944937,0.0,0.6770568744981647,0.6770568744981647,0.6770568744981647,0.0,0.0,0.6770568744981647,0.0,0.0,0.0,0.0,0.0,0.6770568744981647,0.0,0.0,0.0,0.0,0.0,0.0,0.0,0.0,0.0,0.0,0.0,0.6770568744981647,0.0,0.6770568744981647,0.0,0.0,0.0,0.0,0.6770568744981647,0.0,0.0,0.0,0.0,0.0,0.0,0.0,0.0,0.0,0.0,0.0,0.0,0.0,0.0,0.0,0.0,0.0,0.0,0.0,0.0,0.0,0.0,0.0,0.0,0.0,0.0,0.0,0.0,0.0,0.0,0.0,0.0,0.0,0.0,0.0,0.0,0.0,0.0,0.0
STU-019,0.46301306831122807,0.0,0.20189651799465538,0.0,0.0,0.20189651799465538,0.0,0.0,0.0,0.0,0.39851904108451414,0.0,0.0,0.0,0.0,0.6056895539839662,0.39851904108451414,1.207572672100908,0.6056895539839662,0.39851904108451414,0.20189651799465538,0.0,0.39851904108451414,1.1955571232535425,0.0,0.0,0.0,1.1955571232535425,0.0,0.0,0.0,0.0,0.0,0.0,0.39851904108451414,0.0,0.0,0.0,0.0,0.0,0.0,0.0,0.0,0.0,0.0,0.0,0.0,0.0,0.0,0.0,0.0,0.0,0.0,0.0,0.0,0.0,0.0,0.0,0.0,0.0,0.0,0.0,0.0,0.0,0.0,0.0,0.0,0.0,0.0,0.0,0.0,0.0,0.0,0.0,0.0
STU-020,0.0,0.0,0.0,0.0,0.0,0.0,0.0,0.0,0.0,0.0,0.0,0.0,0.0,0.0,0.0,0.0,0.0,0.0,0.0,0.0,0.0,0.0,0.0,0.0,0.0,0.4065696597405991,0.4065696597405991,0.0,0.0,0.0,0.0,0.0,0.4065696597405991,0.0,0.0,0.0,0.0,0.4065696597405991,0.0,0.0,0.0,0.0,0.0,0.0,0.0,0.0,0.0,0.0,0.0,0.0,0.0,0.0,0.0,0.0,0.0,0.0,0.0,0.0,0.0,0.0,0.0,0.0,0.0,0.0,0.0,0.0,0.0,0.0,0.0,0.0,0.0,0.0,0.0,0.0,0.0
STU-021,0.0,0.0,0.0,0.0,0.0,0.0,0.0,0.0,0.0,0.0,0.0,0.0,0.0,0.0,0.0,0.0,0.0,0.0,0.0,0.0,0.0,0.0,0.0,0.0,0.0,0.0,0.0,0.0,0.0,0.0,0.0,0.0,0.0,0.0,0.0,0.0,0.0,0.0,0.0,0.0,0.0,0.5325918010068972,0.5325918010068972,0.5325918010068972,0.0,0.0,0.0,0.0,0.5325918010068972,0.0,0.5325918010068972,0.0,0.0,0.0,0.0,0.0,0.0,0.0,0.5325918010068972,0.5325918010068972,0.0,0.0,0.0,0.0,0.0,0.0,1.5977754030206914,0.0,0.0,0.0,0.0,0.0,0.0,0.5325918010068972,0.0
STU-022,0.0,0.0,0.0,0.0,0.0,0.0,0.0,0.0,0.0,0.0,0.0,0.0,0.0,0.0,0.0,0.0,0.0,0.0,0.0,0.0,0.0,0.0,0.0,0.0,0.0,0.0,0.0,0.0,0.0,0.0,0.0,0.0,0.0,0.0,0.0,0.0,0.0,0.0,0.8187307530779818,0.8187307530779818,0.0,0.0,0.0,1.28224479584618,0.0,0.0,0.8187307530779818,0.0,0.8187307530779818,0.0,0.0,0.0,0.0,0.0,0.8187307530779818,0.0,0.0,0.0,0.0,0.0,0.4274149319487267,0.0,0.0,0.0,0.4274149319487267,0.0,0.0,0.0,1.28224479584618,0.0,1.28224479584618,0.0,0.0,0.8187307530779818,0.0
STU-023,0.0,0.0,0.0,0.0,0.0,0.0,0.0,0.0,0.0,0.0,0.0,0.7557837414557255,0.0,0.0,0.0,0.0,0.0,0.0,0.0,0.0,0.0,0.0,2.2673512243671765,0.0,0.0,0.7557837414557255,0.0,0.0,0.0,0.0,0.0,0.0,0.0,0.0,0.0,0.0,0.0,0.0,0.0,0.0,0.0,0.0,0.0,0.0,0.0,0.0,0.0,0.0,0.0,0.0,0.0,0.0,0.0,0.0,0.0,0.0,0.0,0.0,0.0,0.0,0.0,0.0,0.0,0.0,0.0,0.0,0.0,0.0,0.0,0.0,0.0,0.0,0.0,0.0,0.0
STU-024,0.0,0.0,0.0,0.0,0.0,0.0,0.0,0.0,0.0,0.0,0.0,0.0,0.0,0.0,0.0,0.0,0.0,0.0,0.0,0.0,0.0,0.0,0.0,0.0,0.0,0.0,0.0,0.0,0.0,0.0,0.0,0.0,0.0,0.0,0.0,0.0,0.0,0.0,0.0,0.0,0.9218362158033937,0.30727873860113125,0.0,0.0,0.0,0.0,0.0,0.0,0.30727873860113125,0.0,0.0,0.0,0.0,0.0,0.30727873860113125,0.30727873860113125,0.0,0.17728440996987782,0.17728440996987782,0.0,0.5318532299096335,0.0,0.0,0.30727873860113125,0.30727873860113125,0.0,0.30727873860113125,0.0,0.0,0.17728440996987782,0.5318532299096335,0.9311008237964551,0.0,0.30727873860113125,0.5318532299096335
STU-025,0.18451952399298926,0.0,0.0,0.0,0.0,0.0,0.18451952399298926,0.0,0.0,0.0,0.0,0.0,0.0,0.4106557527523455,0.4106557527523455,0.4106557527523455,0.0,0.5535585719789677,0.18451952399298926,0.0,0.0,0.4106557527523455,0.0,0.0,0.18451952399298926,0.4106557527523455,0.0,0.18451952399298926,0.0,0.0,0.0,0.5535585719789677,0.4106557527523455,0.0,0.5535585719789677,0.4106557527523455,0.4106557527523455,0.0,0.0,0.0,0.0,0.0,0.0,0.0,0.0,0.0,0.0,0.0,0.0,0.0,0.0,0.0,0.0,0.0,0.0,0.0,0.0,0.0,0.0,0.0,0.0,0.0,0.0,0.0,0.0,0.0,0.0,0.0,0.0,0.0,0.0,0.0,0.0,0.0,0.0
STU-026,0.0,0.0,0.0,0.0,0.0,0.0,0.0,0.0,0.0,0.0,0.0,0.0,0.0,0.0,0.0,0.0,0.0,0.0,0.0,0.0,0.0,0.0,0.0,0.0,0.0,0.0,0.0,0.0,0.0,0.0,0.0,0.0,0.0,0.0,0.0,0.0,0.0,0.0,0.46766642700990924,0.0,1.4029992810297278,0.0,0.0,0.0,0.0,0.0,0.0,0.0,0.0,0.5168513344916992,1.2319672582570365,0.0,0.0,0.0,0.46766642700990924,0.0,1.4029992810297278,1.2197089792217972,0.0,0.0,0.5168513344916992,0.46766642700990924,0.0,0.5168513344916992,0.5168513344916992,0.0,0.0,0.4065696597405991,0.0,0.5168513344916992,0.5168513344916992,1.2197089792217972,0.0,0.5168513344916992,0.0
STU-027,0.0,0.0,0.0,0.0,0.0,0.0,0.0,0.0,0.0,0.0,0.0,0.0,0.0,0.0,0.0,0.0,0.0,0.0,0.0,0.0,0.0,0.0,0.0,0.0,0.0,0.0,0.0,0.0,0.0,0.0,0.0,0.0,0.0,0.0,0.0,0.0,0.0,0.0,0.0,0.7189237334319262,0.8958341352965282,2.1567712002957786,0.8958341352965282,0.0,0.0,0.7189237334319262,0.0,0.0,2.1567712002957786,0.0,0.4584060113052235,0.0,0.0,0.7189237334319262,0.0,0.0,0.4584060113052235,0.0,0.4584060113052235,0.0,0.0,0.0,0.0,0.0,1.3890392049336842,0.8958341352965282,0.0,0.0,0.0,0.7189237334319262,0.0,0.0,0.0,0.0,0.0
STU-028,0.0,0.0,0.0,0.0,0.0,0.7189237334319262,0.0,0.0,0.0,0.7189237334319262,0.0,0.0,0.7189237334319262,0.0,0.0,0.0,0.0,0.0,0.7189237334319262,0.0,0.7189237334319262,0.0,0.5425973778513663,0.7189237334319262,0.0,0.0,0.0,0.0,0.0,0.7189237334319262,0.21224797382674304,0.0,0.0,0.7189237334319262,0.0,0.0,0.6367439214802291,0.6367439214802291,0.0,0.0,0.0,0.0,0.0,0.0,0.0,0.0,0.0,0.0,0.0,0.0,0.0,0.0,0.0,0.0,0.0,0.0,0.0,0.0,0.0,0.0,0.0,0.0,0.0,0.0,0.0,0.0,0.0,0.0,0.0,0.0,0.0,0.0,0.0,0.0,0.0
STU-029,0.0,0.5936960972508439,0.0,0.19592957412690934,0.4065696597405991,0.0,0.0,0.0,0.0,0.0,0.0,0.19592957412690934,0.0,0.0,0.0,0.4065696597405991,0.0,0.0,0.587788722380728,0.0,0.0,0.4065696597405991,0.4065696597405991,0.587788722380728,0.0,0.4065696597405991,0.4065696597405991,0.0,0.0,0.0,0.0,0.0,0.0,0.19592957412690934,0.0,0.4065696597405991,0.0,0.0,0.0,0.0,0.0,0.0,0.0,0.0,0.0,0.0,0.0,0.0,0.0,0.0,0.0,0.0,0.0,0.0,0.0,0.0,0.0,0.0,0.0,0.0,0.0,0.0,0.0,0.0,0.0,0.0,0.0,0.0,0.0,0.0,0.0,0.0,0.0,0.0,0.0
STU-030,0.5379444375946745,0.0,0.0,0.0,0.5433508690744998,0.0,0.5433508690744998,0.0,0.5433508690744998,0.0,0.0,0.5379444375946745,0.0,1.6138333127840234,0.5379444375946745,0.0,0.0,0.9986132510942387,0.0,0.0,0.0,0.0,0.0,0.5433508690744998,0.5379444375946745,0.0,0.5379444375946745,0.0,0.0,0.0,0.9886768832255672,1.6138333127840234,0.0,0.0,0.0,0.5379444375946745,0.0,0.0,0.0,0.0,0.0,0.0,0.0,0.0,0.0,0.0,0.0,0.0,0.0,0.0,0.0,0.0,0.0,0.0,0.0,0.0,0.0,0.0,0.0,0.0,0.0,0.0,0.0,0.0,0.0,0.0,0.0,0.0,0.0,0.0,0.0,0.0,0.0,0.0,0.0
STU-031,0.0,0.0,0.0,0.0,0.0,0.0,0.0,0.0,0.0,0.0,0.0,0.0,0.0,0.0,0.0,0.0,0.0,0.0,0.0,0.0,0.0,0.0,0.0,0.0,0.0,0.0,0.0,0.0,0.0,0.0,0.0,0.0,0.0,0.0,0.0,0.0,0.0,0.0,0.0,0.0,0.794533602503334,0.0,0.0,0.0,0.794533602503334,0.794533602503334,0.9323938199059483,0.0,0.9323938199059483,0.794533602503334,0.0,0.0,0.794533602503334,0.0,0.794533602503334,0.0,0.0,0.0,0.794533602503334,0.0,0.0,2.3836008075100024,0.0,0.0,0.0,0.0,0.0,0.0,2.3836008075100024,0.0,0.0,0.9323938199059483,0.0,3.1152031322856195,0.794533602503334
STU-032,0.0,0.0,0.0,0.0,0.0,0.0,0.0,0.0,0.0,0.0,0.0,0.0,0.0,0.0,0.0,0.0,0.0,0.0,0.0,0.0,0.0,0.0,0.0,0.0,0.0,0.0,0.0,0.0,0.0,0.0,0.0,0.0,0.0,0.0,0.0,0.0,0.0,0.0,0.19398004229089189,0.0,0.0,0.0,0.0,0.0,0.0,0.0,0.0,0.0,0.0,0.19398004229089189,0.0,0.0,0.0,0.19398004229089189,0.0,0.0,0.0,0.0,0.0,0.0,0.0,0.0,0.0,0.0,0.0,0.19398004229089189,0.0,0.5819401268726756,0.0,0.0,0.0,0.0,0.19398004229089189,0.0,0.0
STU-033,0.418951549247639,0.0,0.0,0.31981902181630384,0.0,0.31981902181630384,0.0,0.0,0.0,0.0,0.418951549247639,0.0,0.0,0.0,0.418951549247639,0.418951549247639,0.0,0.0,0.0,1.256854647742917,0.418951549247639,0.9594570654489115,0.31981902181630384,0.31981902181630384,0.0,0.0,0.31981902181630384,1.256854647742917,0.9594570654489115,0.0,0.0,0.0,0.0,0.0,0.0,0.0,0.0,0.418951549247639,0.0,0.0,0.0,0.0,0.0,0.0,0.0,0.0,0.0,0.0,0.0,0.0,0.0,0.0,0.0,0.0,0.0,0.0,0.0,0.0,0.0,0.0,0.0,0.0,0.0,0.0,0.0,0.0,0.0,0.0,0.0,0.0,0.0,0.0,0.0,0.0,0.0
STU-034,0.0,0.0,0.0,0.0,0.0,0.0,0.0,0.0,0.0,0.0,0.0,0.0,0.0,0.0,0.0,0.0,0.0,0.0,0.0,0.0,0.0,0.0,0.0,0.0,0.0,0.0,0.0,0.0,0.0,0.0,0.0,0.0,0.0,0.0,0.0,0.0,0.0,0.0,0.6770568744981647,0.6770568744981647,0.0,1.3081478589646067,0.6770568744981647,0.0,0.0,0.6770568744981647,0.6770568744981647,0.0,0.43604928632153556,0.0,0.0,0.0,0.0,0.0,0.9323938199059483,0.0,0.0,0.0,0.6770568744981647,0.6770568744981647,0.0,0.43604928632153556,0.0,0.0,0.43604928632153556,0.0,2.0515842276370675,0.0,2.0311706234944937,0.6770568744981647,0.0,0.0,0.43604928632153556,0.0,0.0
STU-035,0.0,0.0,0.0,0.0,0.0,0.0,0.0,0.0,0.0,0.0,0.0,0.0,0.0,0.0,0.0,0.0,0.0,0.0,0.0,0.0,0.0,0.0,0.0,0.0,0.0,0.0,0.0,0.0,0.0,0.0,0.0,0.0,0.0,0.0,0.0,0.0,0.0,0.0,0.2893842179390506,3.307836535773449,0.9704455335485082,0.794533602503334,0.0,0.0,0.9704455335485082,0.0,0.0,0.8681526538171518,0.2893842179390506,0.0,0.0,0.0,0.0,0.794533602503334,0.2893842179390506,0.0,0.0,2.3836008075100024,0.8681526538171518,0.0,0.0,0.0,0.0,0.794533602503334,0.0,2.3836008075100024,0.9704455335485082,0.0,0.0,0.2893842179390506,0.794533602503334,0.794533602503334,0.794533602503334,0.0,2.4075563938874356
STU-036,0.0,0.0,0.0,0.0,0.0,0.0,0.0,0.0,0.0,0.0,0.0,0.0,0.0,0.0,0.0,0.0,0.0,0.0,0.0,0.0,0.0,0.0,0.0,0.0,0.0,0.0,0.0,0.0,0.0,0.0,0.0,0.0,0.0,0.0,0.0,0.0,0.0,0.0,0.0,0.18451952399298926,0.0,0.951229424500714,0.1882470656387468,0.1882470656387468,0.0,0.0,0.0,0.0,0.0,0.0,0.18451952399298926,0.0,0.0,0.5647411969162404,0.0,0.5535585719789677,0.0,0.0,0.0,0.0,0.5591219281182299,0.18451952399298926,0.18451952399298926,0.18451952399298926,0.1882470656387468,0.18451952399298926,0.0,0.951229424500714,0.18451952399298926,0.1882470656387468,0.0,4.708822667921243,0.0,0.0,0.951229424500714
STU-037,0.0,0.0,0.0,0.0,0.0,0.0,0.0,0.0,0.0,0.0,0.0,0.0,0.0,0.0,0.0,0.0,0.0,0.0,0.0,0.0,0.0,0.0,0.0,0.0,0.0,0.0,0.0,0.0,0.0,0.0,0.0,0.0,0.0,0.0,0.0,0.0,0.0,0.0,0.0,0.6907343306373547,0.0,0.0,0.0,0.0,0.1882470656387468,0.0,0.0,0.0,0.0,0.5647411969162404,0.0,0.0,0.0,0.5647411969162404,0.0,0.0,0.6907343306373547,0.0,0.0,0.0,0.0,0.0,0.0,0.1882470656387468,0.6907343306373547,0.0,0.6907343306373547,0.0,0.0,0.0,0.0,0.1882470656387468,0.6907343306373547,0.5647411969162404,0.0
STU-038,0.0,0.0,0.0,0.0,0.0,0.0,0.0,0.0,0.0,0.0,0.0,0.0,0.0,0.0,0.0,0.0,0.0,0.0,0.0,0.0,0.0,0.0,0.0,0.0,0.0,0.0,0.0,0.0,0.0,0.0,0.0,0.0,0.0,0.0,0.0,0.0,0.0,0.0,0.0,1.1602230703635035,0.0,0.0,1.1602230703635035,0.0,0.0,0.3867410234545012,0.0,0.0,0.19398004229089189,0.0,0.9900498337491681,0.0,0.0,0.3867410234545012,0.0,0.3867410234545012,0.0,0.0,0.0,0.0,0.0,0.0,0.0,1.1602230703635035,0.0,0.0,0.0,0.3867410234545012,0.0,0.19398004229089189,0.5819401268726756,0.3867410234545012,0.9900498337491681,0.0,3.6557247410849127
STU-039,0.0,0.0,0.0,0.0,0.0,0.0,0.0,0.0,0.0,0.0,0.0,0.0,0.0,0.0,0.0,0.0,0.0,0.0,0.0,0.0,0.0,0.0,0.0,0.0,0.0,0.0,0.0,0.0,0.0,0.0,0.0,0.0,0.0,0.0,0.0,0.0,0.0,0.0,0.0,0.19592957412690934,0.0,0.0,0.8607079764250578,0.0,0.8607079764250578,0.8607079764250578,0.0,0.0,0.0,0.19592957412690934,0.19592957412690934,0.0,0.0,0.19592957412690934,0.0,0.19592957412690934,0.0,0.19592957412690934,0.0,0.8607079764250578,0.0,0.0,0.0,0.0,0.8607079764250578,4.303539882125289,0.0,0.0,0.0,0.19592957412690934,0.8607079764250578,0.19592957412690934,0.0,0.8607079764250578,0.0
STU-040,0.0,0.0,0.0,0.0,0.0,0.0,0.0,0.0,0.0,0.0,0.0,0.0,0.0,0.0,0.0,0.0,0.0,0.0,0.0,0.0,0.0,0.0,0.0,0.0,0.0,0.0,0.0,0.0,0.0,0.0,0.0,0.0,0.0,0.0,0.0,0.0,0.0,0.0,0.0,0.1998876140751445,0.5996628422254335,0.0,0.20392561173421342,0.20392561173421342,0.0,0.20392561173421342,0.0,0.5996628422254335,0.5996628422254335,0.0,0.0,0.20392561173421342,0.0,0.0,0.0,0.0,0.0,0.0,0.0,0.1998876140751445,0.0,0.0,0.20392561173421342,0.0,0.0,0.20392561173421342,0.0,0.0,0.1998876140751445,0.0,0.20392561173421342,0.1998876140751445,0.0,0.0,0.0
STU-041,0.0,0.0,0.0,0.0,0.0,0.0,0.0,0.0,0.0,0.0,0.0,0.0,0.0,0.0,0.0,0.0,0.0,0.0,0.0,0.0,0.0,0.0,0.0,0.0,0.0,0.0,0.0,0.0,0.0,0.0,0.0,0.0,0.0,0.0,0.0,0.0,0.0,0.0,0.5996628422254335,0.1998876140751445,0.0,0.1998876140751445,0.5996628422254335,0.0,0.1998876140751445,0.0,0.1998876140751445,1.28224479584618,0.4274149319487267,0.0,0.0,0.0,0.4274149319487267,0.0,0.0,0.4274149319487267,0.0,0.0,0.0,0.4274149319487267,0.0,0.1998876140751445,0.4274149319487267,0.4274149319487267,0.0,0.1998876140751445,0.0,0.4274149319487267,0.4274149319487267,0.0,0.0,0.1998876140751445,0.0,0.1998876140751445,0.0
STU-042,0.0,0.0,0.0,0.26447726129982396,0.26447726129982396,0.7934317838994719,0.26447726129982396,0.0,0.0,0.0,0.0,0.0,0.0,0.0,0.0,0.26447726129982396,0.26447726129982396,0.26447726129982396,0.0,0.0,0.26447726129982396,0.26447726129982396,0.26447726129982396,0.0,0.0,0.0,0.0,0.5704169403045615,0.26447726129982396,0.0,0.0,0.26447726129982396,0.0,0.0,0.0,0.0,0.0,0.1901389801015205,0.0,0.0,0.0,0.0,0.0,0.0,0.0,0.0,0.0,0.0,0.0,0.0,0.0,0.0,0.0,0.0,0.0,0.0,0.0,0.0,0.0,0.0,0.0,0.0,0.0,0.0,0.0,0.0,0.0,0.0,0.0,0.0,0.0,0.0,0.0,0.0,0.0
STU-043,0.0,0.0,0.0,0.0,0.0,0.0,0.0,0.0,0.0,0.0,0.0,0.0,0.0,0.0,0.0,0.0,0.0,0.0,0.0,0.0,0.0,0.0,0.0,0.0,0.0,0.0,0.0,0.0,0.0,0.0,0.0,0.0,0.0,0.0,0.0,0.0,0.0,0.0,0.0,0.0,0.3230332564222529,0.17906614791149322,0.0,0.0,0.3230332564222529,0.9690997692667587,0.0,0.0,0.0,0.5425973778513663,0.9690997692667587,0.3230332564222529,0.9690997692667587,0.17906614791149322,0.17906614791149322,0.5371984437344797,0.17906614791149322,0.0,0.0,0.0,0.0,0.17906614791149322,0.0,0.0,0.0,0.0,0.0,0.0,0.0,0.17906614791149322,0.0,0.17906614791149322,0.6065306597126334,0.6065306597126334,0.0
STU-044,0.0,0.0,0.0,0.0,0.0,0.0,0.0,0.0,0.0,0.0,0.0,0.0,0.0,0.0,0.0,0.0,0.0,0.0,0.0,0.0,0.0,0.0,0.0,0.0,0.0,0.0,0.0,0.0,0.0,0.0,0.0,0.0,0.0,0.0,0.0,0.0,0.0,0.0,0.0,0.0,0.0,0.0,0.0,0.0,0.8341119013595824,0.0,0.27803730045319414,0.0,0.0,0.0,0.27803730045319414,0.0,0.0,0.27803730045319414,0.0,0.0,0.6440364210831414,0.0,0.0,0.0,0.27803730045319414,0.0,0.0,0.0,0.6440364210831414,0.0,0.0,0.6440364210831414,0.8341119013595824,0.0,0.27803730045319414,0.0,0.0,0.0,0.0
STU-045,0.0,0.0,0.0,0.0,0.0,0.0,0.0,0.0,0.0,0.0,0.0,0.0,0.0,0.0,0.0,0.0,0.0,0.0,0.0,0.0,0.0,0.0,0.0,0.0,0.0,0.0,0.0,0.0,0.0,0.0,0.0,0.0,0.0,0.0,0.0,0.0,0.0,0.0,0.18451952399298926,0.18451952399298926,0.0,0.0,0.0,0.0,0.8436648165963837,0.0,0.0,0.0,0.0,0.18451952399298926,0.0,0.0,0.0,0.0,0.8436648165963837,0.0,0.0,0.0,0.18451952399298926,0.0,0.8436648165963837,0.0,0.0,0.0,0.8436648165963837,0.0,0.0,0.8436648165963837,0.5591219281182299,0.0,0.8436648165963837,0.0,0.0,0.0,0.8436648165963837
STU-046,0.0,0.0,0.0,0.0,0.0,0.0,0.0,0.0,0.0,0.0,0.0,0.0,0.0,0.0,0.0,0.0,0.0,0.0,0.0,0.0,0.0,0.0,0.0,0.0,0.0,0.0,0.0,0.0,0.0,0.0,0.0,0.0,0.0,0.0,0.0,0.0,0.0,0.0,0.0,0.0,0.0,0.8187307530779818,0.0,0.0,0.0,0.0,0.0,0.0,0.0,0.8187307530779818,0.0,0.0,0.0,0.8187307530779818,0.8187307530779818,0.0,0.0,0.8187307530779818,0.0,0.0,0.0,0.0,0.0,0.8187307530779818,0.0,0.0,0.0,0.0,0.0,3.2423369838807483,0.0,0.0,0.0,0.0,0.0
STU-047,0.0,0.0,0.0,0.0,0.0,0.0,0.0,0.0,0.0,0.0,0.26447726129982396,0.0,0.6570468198150567,0.0,0.26447726129982396,0.0,0.0,0.0,0.0,0.26447726129982396,0.801405905897551,0.6570468198150567,0.0,0.0,0.6570468198150567,0.0,0.6570468198150567,0.6570468198150567,0.26447726129982396,0.0,0.26447726129982396,0.0,0.0,0.0,0.26447726129982396,0.0,0.26447726129982396,0.0,0.0,0.0,0.0,0.0,0.0,0.0,0.0,0.0,0.0,0.0,0.0,0.0,0.0,0.0,0.0,0.0,0.0,0.0,0.0,0.0,0.0,0.0,0.0,0.0,0.0,0.0,0.0,0.0,0.0,0.0,0.0,0.0,0.0,0.0,0.0,0.0,0.0
STU-048,0.0,0.0,0.0,0.0,0.0,0.0,0.0,0.0,0.0,0.0,0.0,0.0,0.0,0.0,0.0,0.0,0.0,0.0,0.0,0.0,0.0,0.0,0.0,0.0,0.0,0.0,0.0,0.0,0.0,0.0,0.0,0.0,0.0,0.0,0.0,0.0,0.0,0.0,0.0,0.0,0.0,0.0,0.0,0.8856905007720426,0.0,0.0,0.48190899009020244,0.0,0.0,0.0,0.48190899009020244,0.8856905007720426,0.0,0.0,0.0,0.0,0.0,0.48190899009020244,0.0,0.0,0.0,0.0,0.0,0.0,0.0,0.48190899009020244,0.0,0.0,0.0,0.48190899009020244,0.2952301669240142,0.0,0.0,0.48190899009020244,0.2952301669240142
STU-049,0.0,0.0,0.0,0.0,0.0,0.0,0.0,0.0,0.0,0.0,0.0,0.0,0.0,0.0,0.0,0.0,0.0,0.0,0.0,0.0,0.0,0.0,0.0,0.0,0.0,0.0,0.0,0.0,0.0,0.0,0.0,0.0,0.0,0.0,0.0,0.0,0.0,0.0,0.0,0.0,0.0,0.0,0.0,0.8341119013595824,0.0,0.0,0.0,0.0,0.0,0.0,0.0,0.0,0.0,0.0,0.0,0.0,0.0,0.0,0.8341119013595824,0.0,0.0,0.0,0.27803730045319414,0.0,0.0,0.0,0.0,0.0,0.0,0.0,0.0,0.0,0.0,0.0,0.0
STU-050,0.30119421191220214,0.0,0.30119421191220214,0.0,0.0,0.0,0.0,0.0,0.30119421191220214,0.0,0.0,0.0,0.30119421191220214,0.0,0.0,0.0,0.30119421191220214,0.0,0.30119421191220214,0.0,0.0,0.0,0.0,0.0,0.0,0.0,0.0,0.9035826357366064,0.0,0.0,0.0,0.0,0.0,0.30119421191220214,0.0,0.0,0.0,0.0,0.0,0.0,0.0,0.0,0.0,0.0,0.0,0.0,0.0,0.0,0.0,0.0,0.0,0.0,0.0,0.0,0.0,0.0,0.0,0.0,0.0,0.0,0.0,0.0,0.0,0.0,0.0,0.0,0.0,0.0,0.0,0.0,0.0,0.0,0.0,0.0,0.0
STU-051,0.0,0.0,0.5712090638488149,0.0,0.5712090638488149,0.0,0.0,0.0,0.0,0.5712090638488149,0.5712090638488149,0.0,0.5712090638488149,0.0,0.0,0.0,0.5712090638488149,0.0,0.0,0.0,0.5712090638488149,0.0,0.0,0.0,0.0,0.0,1.7136271915464447,0.0,0.0,0.0,0.0,0.5712090638488149,0.5712090638488149,0.0,0.0,0.0,0.0,0.0,0.0,0.0,0.0,0.0,0.0,0.0,0.0,0.0,0.0,0.0,0.0,0.0,0.0,0.0,0.0,0.0,0.0,0.0,0.0,0.0,0.0,0.0,0.0,0.0,0.0,0.0,0.0,0.0,0.0,0.0,0.0,0.0,0.0,0.0,0.0,0.0,0.0
STU-052,0.0,0.0,0.0,0.0,0.0,0.0,0.0,0.0,0.0,0.0,0.0,0.0,0.0,0.0,0.0,0.0,0.0,0.0,0.0,0.0,0.0,0.0,0.0,0.0,0.0,0.0,0.0,0.0,0.0,0.0,0.0,0.0,0.0,0.0,0.0,0.0,0.0,0.0,0.631283645506926,0.0,0.19592957412690934,0.631283645506926,0.0,0.0,0.0,0.631283645506926,0.19592957412690934,0.0,0.19592957412690934,0.0,0.0,0.0,0.0,0.631283645506926,0.0,0.0,0.0,0.0,0.0,0.0,0.19592957412690934,0.631283645506926,0.0,0.0,0.0,0.0,0.631283645506926,0.0,0.19592957412690934,0.0,0.19592957412690934,0.0,0.0,0.0,0.631283645506926
STU-053,0.0,0.0,0.1808657926171221,0.0,0.0,0.0,0.0,0.0,0.0,0.0,0.0,0.0,0.0,0.5213218303513354,0.0,0.1808657926171221,0.0,0.0,0.0,0.1808657926171221,0.1808657926171221,0.6505090947233165,0.1808657926171221,0.0,0.0,0.0,0.0,0.0,0.1808657926171221,0.0,0.17204486382305054,0.5425973778513663,0.1808657926171221,0.0,0.0,0.0,0.0,0.5161345914691516,0.0,0.0,0.0,0.0,0.0,0.0,0.0,0.0,0.0,0.0,0.0,0.0,0.0,0.0,0.0,0.0,0.0,0.0,0.0,0.0,0.0,0.0,0.0,0.0,0.0,0.0,0.0,0.0,0.0,0.0,0.0,0.0,0.0,0.0,0.0,0.0,0.0
STU-054,0.0,0.0,0.1998876140751445,0.0,0.0,0.6126263941844161,0.0,0.0,0.5996628422254335,0.0,0.0,0.0,0.0,0.6126263941844161,0.0,0.0,0.0,0.0,0.0,0.0,0.6126263941844161,0.0,0.5996628422254335,0.0,0.0,0.0,0.0,0.6126263941844161,0.0,0.0,0.0,0.5996628422254335,0.0,0.0,0.0,0.0,0.6126263941844161,0.0,0.0,0.0,0.0,0.0,0.0,0.0,0.0,0.0,0.0,0.0,0.0,0.0,0.0,0.0,0.0,0.0,0.0,0.0,0.0,0.0,0.0,0.0,0.0,0.0,0.0,0.0,0.0,0.0,0.0,0.0,0.0,0.0,0.0,0.0,0.0,0.0,0.0
STU-055,0.0,0.0,0.0,0.0,0.0,0.0,0.0,0.0,0.0,0.0,0.0,0.0,0.0,0.0,0.0,0.0,0.0,0.0,0.0,0.0,0.0,0.0,0.0,0.0,0.0,0.0,0.0,0.0,0.0,0.0,0.0,0.0,0.0,0.0,0.0,0.0,0.0,0.0,0.0,0.5379444375946745,0.0,0.5379444375946745,0.0,0.0,0.0,0.0,0.0,0.0,1.207572672100908,0.0,0.0,0.0,0.0,0.0,0.5371984437344797,0.0,0.0,0.0,0.0,0.5379444375946745,0.0,0.0,0.40252422403363597,0.0,0.40252422403363597,0.0,0.5318532299096335,0.5318532299096335,1.207572672100908,0.5379444375946745,0.0,1.207572672100908,0.0,0.0,0.0
STU-056,0.0,0.0,0.0,0.0,0.0,0.0,0.0,0.0,0.0,0.0,0.0,0.0,0.0,0.0,0.0,0.0,0.0,0.0,0.0,0.0,0.0,0.0,0.0,0.0,0.0,0.0,0.0,0.0,0.0,0.0,0.0,0.0,0.0,0.0,0.0,0.0,0.0,0.0,0.0,0.0,0.0,0.0,0.5015760690660555,0.0,0.0,0.0,0.5015760690660555,0.0,0.0,0.0,0.0,0.0,0.0,0.0,0.0,0.0,0.0,0.0,0.0,0.5015760690660555,0.0,0.0,0.0,0.0,0.0,0.0,0.0,0.0,1.5047282071981662,0.5015760690660555,0.0,0.0,1.5047282071981662,0.0,0.0
STU-057,0.9417645335842487,0.0,0.0,0.0,0.0,0.0,0.9231163463866358,0.0,0.0,0.0,2.797181459717845,0.5945205479701944,0.0,1.8014867364367977,0.0,0.0,0.5945205479701944,0.9417645335842487,0.5945205479701944,0.0,0.0,0.0,0.0,0.0,0.0,0.5945205479701944,0.5945205479701944,0.0,0.0,0.0,1.7835616439105832,0.5945205479701944,0.9417645335842487,0.0,0.9417645335842487,0.0,0.5945205479701944,0.0,0.0,0.0,0.0,0.0,0.0,0.0,0.0,0.0,0.0,0.0,0.0,0.0,0.0,0.0,0.0,0.0,0.0,0.0,0.0,0.0,0.0,0.0,0.0,0.0,0.0,0.0,0.0,0.0,0.0,0.0,0.0,0.0,0.0,0.0,0.0,0.0,0.0
STU-058,0.5059144418057865,0.1686381472685955,0.0,0.0,0.0,0.0,0.0,0.4771139155210344,0.0,0.4771139155210344,0.4771139155210344,1.431341746563103,0.0,0.0,0.0,0.0,0.0,0.0,0.0,0.0,0.0,0.0,0.0,0.0,0.0,0.0,0.5059144418057865,0.0,0.0,0.0,0.0,0.5109989664762282,0.0,0.0,0.4771139155210344,0.4771139155210344,0.0,0.0,0.0,0.0,0.0,0.0,0.0,0.0,0.0,0.0,0.0,0.0,0.0,0.0,0.0,0.0,0.0,0.0,0.0,0.0,0.0,0.0,0.0,0.0,0.0,0.0,0.0,0.0,0.0,0.0,0.0,0.0,0.0,0.0,0.0,0.0,0.0,0.0,0.0
STU-059,0.7189237334319262,0.0,0.0,0.0,0.0,0.0,0.7189237334319262,0.0,0.0,0.0,0.6570468198150567,0.0,0.0,0.7189237334319262,0.0,0.0,0.0,0.7189237334319262,0.6570468198150567,0.0,0.7189237334319262,0.0,0.0,0.0,0.0,0.0,0.6570468198150567,0.0,1.9711404594451702,0.0,0.0,0.6570468198150567,0.0,0.0,0.0,0.6570468198150567,0.7189237334319262,0.6570468198150567,0.0,0.0,0.0,0.0,0.0,0.0,0.0,0.0,0.0,0.0,0.0,0.0,0.0,0.0,0.0,0.0,0.0,0.0,0.0,0.0,0.0,0.0,0.0,0.0,0.0,0.0,0.0,0.0,0.0,0.0,0.0,0.0,0.0,0.0,0.0,0.0,0.0
STU-060,0.0,0.0,0.0,0.0,0.0,0.0,0.0,0.0,0.0,0.0,0.0,0.0,0.0,0.0,0.0,0.0,0.0,0.0,0.0,0.0,0.0,0.0,0.0,0.0,0.0,0.0,0.0,0.0,0.0,0.0,0.0,0.0,0.0,0.0,0.0,0.0,0.0,0.0,0.0,0.0,0.0,0.0,0.27803730045319414,0.27803730045319414,0.0,0.0,3.341080845645088,0.8958341352965282,0.27803730045319414,0.8341119013595824,0.36787944117144233,0.36787944117144233,0.0,0.0,0.8424948653351394,0.27803730045319414,1.103638323514327,0.0,0.27803730045319414,0.0,0.0,0.0,0.0,1.1147300730661371,0.36787944117144233,0.0,0.0,0.0,0.8424948653351394,0.0,0.0,0.8958341352965282,0.0,0.0,0.0
STU-061,0.0,0.0,0.0,0.0,0.0,0.0,0.0,0.0,0.0,0.0,0.0,0.0,0.0,0.0,0.0,0.0,0.0,0.0,0.0,0.0,0.0,0.0,0.0,0.0,0.0,0.0,0.0,0.0,0.0,0.0,0.0,0.0,0.0,0.0,0.0,0.0,0.0,0.0,0.0,0.0,0.0,0.0,0.19592957412690934,0.0,0.19592957412690934,0.0,0.0,0.0,0.0,0.0,0.0,0.587788722380728,0.0,0.0,0.0,0.0,0.0,0.0,0.0,0.19592957412690934,0.0,0.19592957412690934,0.0,0.19592957412690934,0.0,0.19592957412690934,0.0,0.0,0.0,0.0,0.0,0.0,0.0,0.0,0.0
STU-062,0.0,0.0,0.0,0.0,0.0,0.0,0.0,0.0,0.0,0.0,0.0,0.0,0.0,0.0,0.0,0.0,0.0,0.0,0.0,0.0,0.0,0.0,0.0,0.0,0.0,0.0,0.0,0.0,0.0,0.0,0.0,0.0,0.0,0.0,0.0,0.0,0.0,0.0,0.3570069605691474,0.0,0.0,0.0,0.3570069605691474,0.0,0.3570069605691474,0.0,0.0,0.0,0.0,0.0,0.0,0.0,0.0,1.071020881707442,0.0,0.0,0.0,0.0,0.0,0.3570069605691474,0.0,0.0,0.3570069605691474,0.0,0.3570069605691474,1.071020881707442,0.0,0.0,0.0,0.0,0.0,0.0,0.0,0.3570069605691474,0.8436648165963837
STU-063,0.0,0.0,0.0,0.0,0.0,0.0,0.0,0.0,0.0,0.0,0.0,0.0,0.0,0.0,0.0,0.0,0.0,0.0,0.0,0.0,0.0,0.0,0.0,0.0,0.0,0.0,0.0,0.0,0.0,0.0,0.0,0.0,0.0,0.0,0.0,0.0,0.0,0.0,0.0,0.0,0.0,0.4065696597405991,0.0,0.0,0.0,0.0,0.0,0.0,0.0,0.0,0.0,0.4065696597405991,0.0,0.0,0.0,0.0,0.0,0.0,0.0,0.0,0.0,0.0,0.4065696597405991,0.4065696597405991,0.0,0.0,0.0,1.2197089792217972,0.0,0.0,0.0,1.2197089792217972,0.0,0.0,0.0
STU-064,0.0,0.0,0.0,0.0,0.0,0.0,0.0,0.0,0.0,0.0,0.0,0.0,0.0,0.0,0.0,0.0,0.0,0.0,0.0,0.0,0.0,0.0,0.0,0.0,0.0,0.0,0.0,0.0,0.0,0.0,0.0,0.0,0.0,0.0,0.0,0.0,0.0,0.0,0.0,0.0,0.4584060113052235,0.0,0.0,0.0,0.0,0.0,0.0,0.0,0.0,0.46301306831122807,0.0,0.0,0.0,0.0,1.3752180339156705,0.0,0.0,0.0,0.0,1.3752180339156705,0.0,0.0,0.4584060113052235,0.0,0.0,0.0,0.0,0.46301306831122807,0.0,0.0,0.0,0.0,0.0,0.0,0.0
STU-065,0.0,0.0,0.0,0.0,0.0,0.0,0.0,0.0,0.0,0.0,0.0,0.0,0.0,0.0,0.0,0.0,0.0,0.0,0.0,0.0,0.0,0.0,0.0,0.0,0.0,0.0,0.0,0.0,0.0,0.0,0.0,0.0,0.0,0.0,0.0,0.0,0.0,0.0,0.0,0.0,0.8269591339433623,0.30119421191220214,0.0,0.0,0.9035826357366064,0.0,0.0,0.0,0.9035826357366064,0.0,0.0,0.0,0.0,0.0,0.9035826357366064,0.30119421191220214,0.8269591339433623,0.0,0.0,0.8269591339433623,0.0,0.0,0.8269591339433623,0.0,0.0,0.8269591339433623,0.8269591339433623,0.0,0.8269591339433623,0.8269591339433623,0.30119421191220214,0.0,0.8269591339433623,0.0,0.0
STU-066,0.4771139155210344,0.0,0.0,0.0,0.35345468195878016,0.35345468195878016,0.0,0.27527078308975234,0.35345468195878016,0.0,0.27527078308975234,0.35345468195878016,0.0,0.4771139155210344,0.0,0.8258123492692571,0.0,0.4771139155210344,0.0,0.35345468195878016,0.0,0.0,0.0,0.8341119013595824,0.0,1.0603640458763404,0.0,0.4771139155210344,0.35345468195878016,0.27527078308975234,0.27527078308975234,0.0,0.0,0.0,0.0,0.0,0.0,0.35345468195878016,0.0,0.0,0.0,0.0,0.0,0.0,0.0,0.0,0.0,0.0,0.0,0.0,0.0,0.0,0.0,0.0,0.0,0.0,0.0,0.0,0.0,0.0,0.0,0.0,0.0,0.0,0.0,0.0,0.0,0.0,0.0,0.0,0.0,0.0,0.0,0.0,0.0
STU-067,0.0,0.0,0.0,0.0,0.0,0.0,0.5647411969162404,0.0,0.0,0.0,0.0,0.0,0.0,0.0,0.0,0.0,0.0,0.0,0.0,0.0,0.0,0.0,0.0,0.0,0.0,0.0,0.0,0.0,0.5647411969162404,0.0,0.0,0.0,0.1882470656387468,0.0,0.0,0.0,0.0,0.0,0.0,0.0,0.0,0.0,0.0,0.0,0.0,0.0,0.0,0.0,0.0,0.0,0.0,0.0,0.0,0.0,0.0,0.0,0.0,0.0,0.0,0.0,0.0,0.0,0.0,0.0,0.0,0.0,0.0,0.0,0.0,0.0,0.0,0.0,0.0,0.0,0.0
STU-068,0.0,0.8105842459701871,1.0086494811202,0.0,0.0,0.33621649370673334,2.3364023492142145,0.33621649370673334,0.0,0.8105842459701871,0.0,1.0086494811202,0.0,0.0,0.0,0.0,0.0,0.0,0.0,0.8105842459701871,0.8105842459701871,0.0,0.0,0.0,0.0,0.0,0.0,0.0,0.0,2.3364023492142145,0.0,0.0,0.7788007830714049,0.0,0.0,2.3364023492142145,0.0,0.33621649370673334,0.0,0.0,0.0,0.0,0.0,0.0,0.0,0.0,0.0,0.0,0.0,0.0,0.0,0.0,0.0,0.0,0.0,0.0,0.0,0.0,0.0,0.0,0.0,0.0,0.0,0.0,0.0,0.0,0.0,0.0,0.0,0.0,0.0,0.0,0.0,0.0,0.0
STU-069,0.0,0.0,0.0,0.0,0.0,0.0,0.0,0.0,0.0,0.0,0.0,0.0,0.0,0.0,0.0,0.0,0.0,0.0,0.0,0.0,0.0,0.0,0.0,0.0,0.0,0.0,0.0,0.0,0.0,0.0,0.0,0.0,0.0,0.0,0.0,0.0,0.0,0.0,0.0,0.0,0.0,0.7633794943368531,0.0,0.0,0.0,0.7633794943368531,0.0,0.0,0.0,0.0,0.0,0.0,0.0,0.0,0.0,0.0,0.0,0.1686381472685955,0.7633794943368531,0.0,0.0,0.5059144418057865,0.0,0.7633794943368531,0.0,0.7633794943368531,0.1686381472685955,0.0,0.7633794943368531,0.1686381472685955,0.0,0.7633794943368531,0.0,0.0,0.0
STU-070,0.0,0.0,0.0,0.0,0.0,0.0,0.0,0.0,0.0,0.0,0.0,0.0,0.0,0.0,0.0,0.0,0.0,0.0,0.0,0.0,0.0,0.0,0.0,0.0,0.0,0.0,0.0,0.0,0.0,0.0,0.0,0.0,0.0,0.0,0.0,0.0,0.0,0.0,0.0,0.0,0.0,0.0,0.31663676937905316,0.31663676937905316,0.0,0.0,0.0,0.0,0.0,0.31663676937905316,0.0,0.0,0.0,0.0,0.0,0.0,0.0,0.0,0.31663676937905316,0.0,0.0,0.9499103081371595,0.31663676937905316,0.0,0.0,0.31663676937905316,0.0,0.31663676937905316,0.0,0.0,0.0,0.31663676937905316,0.0,0.0,0.0
STU-071,0.0,0.0,0.0,0.0,0.0,0.0,0.9788393838691184,0.0,0.0,0.0,0.0,0.0,0.0,0.0,0.0,0.0,0.0,0.0,0.0,0.0,0.0,0.0,0.0,0.0,0.0,0.9788393838691184,0.0,0.0,0.0,0.4723665527410147,0.0,0.4723665527410147,0.32627979462303947,0.0,0.32627979462303947,0.0,0.0,0.0,0.0,0.0,0.0,0.0,0.0,0.0,0.0,0.0,0.0,0.0,0.0,0.0,0.0,0.0,0.0,0.0,0.0,0.0,0.0,0.0,0.0,0.0,0.0,0.0,0.0,0.0,0.0,0.0,0.0,0.0,0.0,0.0,0.0,0.0,0.0,0.0,0.0
STU-072,0.0,0.0,0.31663676937905316,0.0,0.4147829116815814,0.31663676937905316,0.4147829116815814,0.0,0.0,0.0,0.0,0.4147829116815814,0.0,0.31663676937905316,0.4147829116815814,0.4147829116815814,0.0,0.0,0.9499103081371595,0.0,0.0,0.0,0.4147829116815814,0.31663676937905316,0.4147829116815814,0.0,0.0,0.4147829116815814,0.4147829116815814,0.0,0.0,0.31663676937905316,0.9499103081371595,0.0,0.0,0.0,0.0,0.0,0.0,0.0,0.0,0.0,0.0,0.0,0.0,0.0,0.0,0.0,0.0,0.0,0.0,0.0,0.0,0.0,0.0,0.0,0.0,0.0,0.0,0.0,0.0,0.0,0.0,0.0,0.0,0.0,0.0,0.0,0.0,0.0,0.0,0.0,0.0,0.0,0.0
STU-073,0.0,0.0,0.0,0.0,0.0,0.0,0.0,0.0,0.0,0.0,0.0,0.0,0.0,0.0,0.0,0.0,0.0,0.0,0.0,0.0,0.0,0.0,0.0,0.0,0.0,0.0,0.0,0.0,0.0,0.0,0.0,0.0,0.0,0.0,0.0,0.0,0.0,0.0,0.0,0.0,0.0,0.0,0.3042212640667041,0.0,0.0,0.0,0.0,0.0,0.0,0.0,0.0,0.0,0.0,0.0,0.0,0.0,0.0,0.0,0.0,0.0,0.8945918382896622,0.0,0.0,0.0,0.2952301669240142,0.0,0.8856905007720426,0.0,0.3042212640667041,0.0,0.0,0.0,0.3042212640667041,0.0,0.0
STU-074,1.8750068048481023,0.0,0.0,0.0,0.0,0.0,0.6250022682827008,0.18637397603940997,0.0,0.6250022682827008,0.0,0.6250022682827008,0.0,0.0,0.6250022682827008,0.0,0.18637397603940997,0.0,0.5591219281182299,0.6250022682827008,0.0,0.0,0.0,0.18637397603940997,0.0,0.0,0.0,0.0,1.8750068048481023,0.0,0.6250022682827008,0.0,0.18637397603940997,0.0,0.0,0.0,0.18637397603940997,0.7189237334319262,0.0,0.0,0.0,0.0,0.0,0.0,0.0,0.0,0.0,0.0,0.0,0.0,0.0,0.0,0.0,0.0,0.0,0.0,0.0,0.0,0.0,0.0,0.0,0.0,0.0,0.0,0.0,0.0,0.0,0.0,0.0,0.0,0.0,0.0,0.0,0.0,0.0
STU-075,0.0,0.0,0.0,0.0,0.0,0.0,0.0,0.0,0.0,0.0,0.0,0.0,0.0,0.0,0.0,0.0,0.0,0.0,0.0,0.0,0.0,0.0,0.0,0.0,0.0,0.0,0.0,0.0,0.0,0.0,0.0,0.0,0.0,0.0,0.0,0.0,0.0,0.0,0.0,1.207572672100908,0.0,0.0,0.0,0.0,0.0,1.207572672100908,0.0,0.0,0.0,0.0,0.0,0.0,0.0,0.0,0.0,0.0,0.0,0.0,0.0,0.0,0.0,0.0,0.0,0.0,0.0,0.0,0.0,0.0,0.0,0.0,0.0,0.0,1.207572672100908,0.0,0.0
STU-076,0.6570468198150567,0.0,0.39851904108451414,0.39851904108451414,0.0,1.1955571232535425,1.1955571232535425,0.0,0.0,0.0,0.0,0.0,0.0,0.0,0.6570468198150567,0.0,0.0,0.0,0.39851904108451414,0.0,0.0,0.0,0.6570468198150567,0.6570468198150567,0.0,0.0,0.0,0.0,0.0,0.0,0.0,0.0,0.0,0.0,0.0,0.0,0.0,0.0,0.0,0.0,0.0,0.0,0.0,0.0,0.0,0.0,0.0,0.0,0.0,0.0,0.0,0.0,0.0,0.0,0.0,0.0,0.0,0.0,0.0,0.0,0.0,0.0,0.0,0.0,0.0,0.0,0.0,0.0,0.0,0.0,0.0,0.0,0.0,0.0,0.0
STU-077,0.0,0.0,0.0,0.0,0.0,0.0,0.0,0.0,0.0,0.0,0.0,0.0,0.0,0.0,0.0,0.0,0.0,0.0,0.0,0.0,0.0,0.0,0.0,0.0,0.0,0.0,0.0,0.0,0.0,0.0,0.0,0.0,0.0,0.0,0.0,0.0,0.0,0.0,0.0,0.7117703227626097,0.0,0.31981902181630384,0.7117703227626097,0.0,0.0,0.0,0.0,0.0,0.7117703227626097,0.0,0.7117703227626097,0.0,0.0,0.31981902181630384,0.7117703227626097,0.0,0.0,0.31981902181630384,0.0,0.7117703227626097,0.0,0.0,0.0,0.9690997692667587,0.0,0.0,0.31981902181630384,0.0,0.0,0.0,0.9690997692667587,0.7117703227626097,0.0,0.0,0.7117703227626097
STU-078,0.0,0.0,0.0,0.0,0.0,0.0,0.0,0.0,0.0,0.0,0.0,0.0,0.0,0.0,0.0,0.0,0.0,0.0,0.0,0.0,0.0,0.0,0.0,0.0,0.0,0.0,0.0,0.0,0.0,0.0,0.0,0.0,0.0,0.0,0.0,0.0,0.0,0.0,0.5109989664762282,0.17033298882540943,0.0,0.2865047968601901,0.0,0.0,0.0,0.17033298882540943,0.0,0.0,0.2865047968601901,0.0,0.2865047968601901,0.0,0.0,0.0,0.17033298882540943,0.0,0.0,0.2865047968601901,0.0,0.0,0.0,0.2865047968601901,0.0,0.0,0.2865047968601901,0.5109989664762282,0.0,0.0,0.2865047968601901,0.0,0.0,0.0,0.0,0.5109989664762282,0.17033298882540943
STU-079,0.0,0.0,1.2443487350447442,0.0,0.0,0.0,0.4147829116815814,0.0,0.0,0.0,0.0,0.0,0.0,0.0,0.0,0.6004955788122659,0.4147829116815814,1.1486786579253363,0.4147829116815814,0.4147829116815814,0.4147829116815814,0.0,0.0,1.2443487350447442,0.0,0.0,0.0,0.0,0.6004955788122659,0.0,0.38289288597511206,0.0,1.2443487350447442,0.0,0.4147829116815814,1.1486786579253363,0.0,0.38289288597511206,0.0,0.0,0.0,0.0,0.0,0.0,0.0,0.0,0.0,0.0,0.0,0.0,0.0,0.0,0.0,0.0,0.0,0.0,0.0,0.0,0.0,0.0,0.0,0.0,0.0,0.0,0.0,0.0,0.0,0.0,0.0,0.0,0.0,0.0,0.0,0.0,0.0
STU-080,0.0,0.0,0.31663676937905316,1.0393674309901721,1.0393674309901721,0.0,0.0,0.0,0.31663676937905316,0.31663676937905316,0.0,0.6703200460356393,0.0,0.0,0.0,0.0,0.0,0.31663676937905316,0.0,0.0,0.6703200460356393,0.9499103081371595,0.0,0.31663676937905316,0.0,0.6703200460356393,0.31663676937905316,0.9499103081371595,0.0,1.0393674309901721,0.0,0.0,0.0,0.0,0.0,0.6703200460356393,0.0,0.6703200460356393,0.0,0.0,0.0,0.0,0.0,0.0,0.0,0.0,0.0,0.0,0.0,0.0,0.0,0.0,0.0,0.0,0.0,0.0,0.0,0.0,0.0,0.0,0.0,0.0,0.0,0.0,0.0,0.0,0.0,0.0,0.0,0.0,0.0,0.0,0.0,0.0,0.0
STU-081,0.0,0.0,0.0,0.0,0.0,0.0,0.0,0.0,0.0,0.0,0.0,0.0,0.0,0.0,0.0,0.0,0.0,0.0,0.0,0.0,0.0,0.0,0.0,0.0,0.0,0.0,0.0,0.0,0.0,0.0,0.0,0.0,0.0,0.0,0.0,0.0,0.0,0.0,0.23457028809379765,0.703710864281393,0.0,0.5117085777865424,0.23457028809379765,0.0,0.0,0.0,0.5117085777865424,0.0,0.0,0.0,0.0,0.0,0.0,0.0,0.0,0.0,0.0,0.0,0.0,0.0,0.0,0.0,0.0,0.0,0.23457028809379765,0.0,0.0,0.0,0.0,0.0,0.0,0.0,0.0,0.0,0.0
STU-082,0.0,0.0,0.0,0.19592957412690934,0.0,0.20804518235702046,0.0,0.0,0.0,0.19592957412690934,0.9231163463866358,0.19592957412690934,0.0,0.0,0.20804518235702046,0.9231163463866358,0.19592957412690934,0.20804518235702046,0.19592957412690934,0.587788722380728,0.0,0.0,0.0,0.0,0.6241355470710614,0.6241355470710614,0.0,0.0,0.0,0.9231163463866358,0.0,0.0,0.19592957412690934,0.19592957412690934,0.0,0.0,0.0,0.6241355470710614,0.0,0.0,0.0,0.0,0.0,0.0,0.0,0.0,0.0,0.0,0.0,0.0,0.0,0.0,0.0,0.0,0.0,0.0,0.0,0.0,0.0,0.0,0.0,0.0,0.0,0.0,0.0,0.0,0.0,0.0,0.0,0.0,0.0,0.0,0.0,0.0,0.0
STU-083,0.0,0.0,0.0,0.0,0.0,0.0,0.0,0.0,0.0,0.0,0.0,0.0,0.0,0.0,0.0,0.0,0.0,0.0,0.0,0.0,0.0,0.0,0.0,0.0,0.0,0.0,0.0,0.0,0.0,0.0,0.0,0.0,0.0,0.0,0.0,0.0,0.0,0.0,0.0,0.0,0.0,0.0,0.0,0.33287108369807955,0.0,0.0,0.33287108369807955,0.0,0.0,0.0,0.0,0.0,0.0,0.0,0.0,0.33287108369807955,0.0,0.0,0.0,0.0,0.0,0.0,0.0,0.33287108369807955,0.0,0.0,0.33287108369807955,0.0,0.0,0.33287108369807955,0.0,0.33287108369807955,0.0,0.33287108369807955,0.0
STU-084,0.0,0.0,0.9704455335485082,0.0,0.35345468195878016,0.9704455335485082,1.0603640458763404,0.0,0.0,0.0,0.0,0.0,0.0,0.9704455335485082,0.35345468195878016,0.0,0.0,0.0,0.0,0.9704455335485082,0.0,0.0,1.0603640458763404,0.0,0.0,0.0,4.75614712250357,0.0,0.0,0.0,0.0,0.9704455335485082,0.0,0.0,0.0,0.0,0.0,0.0,0.0,0.0,0.0,0.0,0.0,0.0,0.0,0.0,0.0,0.0,0.0,0.0,0.0,0.0,0.0,0.0,0.0,0.0,0.0,0.0,0.0,0.0,0.0,0.0,0.0,0.0,0.0,0.0,0.0,0.0,0.0,0.0,0.0,0.0,0.0,0.0,0.0
STU-085,0.0,0.0,1.3615343858470674,0.0,0.0,0.0,0.0,0.0,1.3615343858470674,0.0,0.0,0.0,0.0,0.0,0.0,0.0,0.0,0.0,0.0,0.45384479528235583,0.0,0.0,0.0,0.0,0.0,0.0,0.0,0.0,0.0,0.0,0.0,0.0,0.0,0.0,0.0,0.0,0.0,0.0,0.0,0.0,0.0,0.0,0.0,0.0,0.0,0.0,0.0,0.0,0.0,0.0,0.0,0.0,0.0,0.0,0.0,0.0,0.0,0.0,0.0,0.0,0.0,0.0,0.0,0.0,0.0,0.0,0.0,0.0,0.0,0.0,0.0,0.0,0.0,0.0,0.0
STU-086,0.0,0.0,0.0,0.0,0.0,0.0,0.0,0.0,0.0,0.0,0.0,0.0,0.0,0.0,0.0,0.0,0.0,0.0,0.0,0.0,0.0,0.0,0.0,0.0,0.0,0.0,0.0,0.0,0.0,0.0,0.0,0.0,0.0,0.0,0.0,0.0,0.0,0.0,0.0,0.2865047968601901,0.32627979462303947,0.0,0.0,0.0,0.0,0.0,0.0,0.8595143905805702,0.0,0.0,0.0,0.32627979462303947,0.0,0.32627979462303947,0.0,0.32627979462303947,0.0,0.0,0.0,0.0,0.0,0.0,0.0,0.0,0.8595143905805702,0.0,0.0,0.0,0.8595143905805702,0.0,0.0,0.0,0.0,0.32627979462303947,0.0
STU-087,0.0,0.0,0.0,0.0,0.3499377491111553,0.0,0.0,0.0,0.0,0.0,0.0,0.0,0.0,0.0,0.0,0.0,0.3499377491111553,0.0,0.0,0.3499377491111553,0.3499377491111553,0.0,0.0,0.0,0.3499377491111553,0.3499377491111553,0.0,0.0,0.0,0.0,1.049813247333466,3.2749230123119273,0.0,0.0,0.3499377491111553,0.0,0.0,0.0,0.0,0.0,0.0,0.0,0.0,0.0,0.0,0.0,0.0,0.0,0.0,0.0,0.0,0.0,0.0,0.0,0.0,0.0,0.0,0.0,0.0,0.0,0.0,0.0,0.0,0.0,0.0,0.0,0.0,0.0,0.0,0.0,0.0,0.0,0.0,0.0,0.0
STU-088,0.0,0.0,0.0,0.0,0.0,0.0,0.0,0.0,0.0,0.0,0.0,0.0,0.0,0.0,0.0,0.0,0.0,0.0,0.0,0.0,0.0,0.0,0.0,0.0,0.0,0.0,0.0,0.0,0.0,0.0,0.0,0.0,0.0,0.0,0.0,0.0,0.0,0.0,0.0,0.0,0.23223627472975883,0.0,0.6967088241892765,0.0,0.23223627472975883,0.0,0.0,0.0,0.0,0.0,0.0,0.0,0.0,0.23223627472975883,0.0,0.0,0.0,0.23223627472975883,0.0,0.0,0.0,0.0,0.23223627472975883,0.23223627472975883,0.0,0.0,0.0,0.0,0.23223627472975883,0.0,0.0,0.23223627472975883,0.0,0.0,0.23223627472975883
STU-089,0.0,0.0,0.0,0.0,0.0,0.0,0.0,0.0,0.0,0.0,0.0,0.0,0.0,0.0,0.0,0.0,0.0,0.0,0.0,0.0,0.0,0.0,0.0,0.0,0.0,0.0,0.0,0.0,0.0,0.0,0.0,0.0,0.0,0.0,0.0,0.0,0.0,0.0,0.0,0.0,0.835270211411272,0.835270211411272,0.0,0.0,0.0,0.0,1.8563501754184224,0.0,0.835270211411272,0.0,0.0,0.0,0.0,0.0,0.0,0.0,0.0,0.0,0.0,1.8563501754184224,0.0,0.0,0.0,0.835270211411272,0.6187833918061408,0.0,0.835270211411272,0.0,0.835270211411272,0.835270211411272,0.0,0.0,1.8563501754184224,0.0,0.0
STU-090,0.0,0.0,0.0,0.0,0.0,0.1998876140751445,0.0,0.1998876140751445,0.0,0.0,0.1998876140751445,0.0,0.0,0.0,0.0,0.0,0.0,0.0,0.0,0.0,0.1998876140751445,0.5996628422254335,0.0,0.0,0.0,0.0,0.0,0.0,0.0,0.0,0.0,0.0,0.0,0.0,0.0,0.0,0.0,0.0,0.0,0.0,0.0,0.0,0.0,0.0,0.0,0.0,0.0,0.0,0.0,0.0,0.0,0.0,0.0,0.0,0.0,0.0,0.0,0.0,0.0,0.0,0.0,0.0,0.0,0.0,0.0,0.0,0.0,0.0,0.0,0.0,0.0,0.0,0.0,0.0,0.0
STU-091,0.0,0.0,0.0,0.0,0.0,0.0,0.0,0.0,0.0,0.0,0.0,0.0,0.0,0.0,0.0,0.0,0.0,0.0,0.0,0.0,0.0,0.0,0.0,0.0,0.0,0.0,0.0,0.0,0.0,0.0,0.0,0.0,0.0,0.0,0.0,0.0,0.0,0.0,0.3906278353585211,0.0,0.0,0.0,0.3906278353585211,0.0,0.0,0.6561356608566442,0.5425973778513663,0.0,0.0,0.0,0.0,0.0,0.0,0.0,0.1808657926171221,0.0,0.0,0.21653566731600707,0.0,0.0,0.0,0.21653566731600707,0.5425973778513663,0.0,0.1808657926171221,0.0,0.0,0.0,0.21653566731600707,0.0,0.0,0.0,0.21653566731600707,0.0,0.3906278353585211
STU-092,0.0,0.0,0.3464558103300574,1.0393674309901721,0.0,0.0,0.3464558103300574,0.0,0.0,0.0,1.0393674309901721,0.794533602503334,0.0,0.0,0.0,0.794533602503334,0.0,0.3464558103300574,0.794533602503334,0.0,1.0393674309901721,0.2441432831534371,0.3464558103300574,0.2441432831534371,0.7324298494603113,0.0,0.2441432831534371,0.0,0.3464558103300574,0.0,0.0,0.3464558103300574,0.794533602503334,0.0,0.2441432831534371,0.0,0.0,0.7324298494603113,0.0,0.0,0.0,0.0,0.0,0.0,0.0,0.0,0.0,0.0,0.0,0.0,0.0,0.0,0.0,0.0,0.0,0.0,0.0,0.0,0.0,0.0,0.0,0.0,0.0,0.0,0.0,0.0,0.0,0.0,0.0,0.0,0.0,0.0,0.0,0.0,0.0
STU-093,0.0,0.0,0.0,0.0,0.0,0.0,0.0,0.0,0.0,0.0,0.0,0.0,0.0,0.0,0.0,0.0,0.0,0.0,0.0,0.0,0.0,0.0,0.0,0.0,0.0,0.0,0.0,0.0,0.0,0.0,0.0,0.0,0.0,0.0,0.0,0.0,0.0,0.0,0.0,0.0,0.0,0.4147829116815814,0.4147829116815814,0.4147829116815814,0.0,0.0,0.0,0.0,0.0,0.0,0.0,0.0,0.0,0.0,0.0,0.0,0.0,0.0,0.0,0.0,0.4147829116815814,0.0,0.0,0.0,1.2443487350447442,0.0,0.0,0.0,0.4147829116815814,0.0,0.0,0.4147829116815814,0.4147829116815814,0.0,0.0
STU-094,0.0,0.0,0.17728440996987782,0.5318532299096335,0.0,0.0,0.17728440996987782,0.0,0.2698200563846868,0.0,0.0,0.0,0.0,0.0,0.2698200563846868,0.0,0.0,0.0,0.0,0.0,0.0,0.0,0.17728440996987782,0.0,0.17728440996987782,0.17728440996987782,0.0,0.0,0.0,0.0,0.0,0.0,0.17728440996987782,0.0,0.0,0.17728440996987782,0.17728440996987782,0.0,0.0,0.0,0.0,0.0,0.0,0.0,0.0,0.0,0.0,0.0,0.0,0.0,0.0,0.0,0.0,0.0,0.0,0.0,0.0,0.0,0.0,0.0,0.0,0.0,0.0,0.0,0.0,0.0,0.0,0.0,0.0,0.0,0.0,0.0,0.0,0.0,0.0
STU-095,0.0,0.0,0.0,0.0,0.1901389801015205,0.1901389801015205,0.1901389801015205,0.1901389801015205,0.0,0.0,0.1901389801015205,0.0,0.0,0.5704169403045615,0.32955896107518906,0.0,0.0,0.0,0.1901389801015205,0.32955896107518906,0.32955896107518906,0.0,0.0,0.0,0.1901389801015205,0.3134861808826053,0.940458542647816,0.0,0.0,0.32955896107518906,0.0,0.0,0.0,0.0,0.32955896107518906,0.3134861808826053,0.0,0.0,0.0,0.0,0.0,0.0,0.0,0.0,0.0,0.0,0.0,0.0,0.0,0.0,0.0,0.0,0.0,0.0,0.0,0.0,0.0,0.0,0.0,0.0,0.0,0.0,0.0,0.0,0.0,0.0,0.0,0.0,0.0,0.0,0.0,0.0,0.0,0.0,0.0
STU-096,0.6570468198150567,0.0,1.1259332965541988,1.9909507504089583,1.1259332965541988,0.0,0.0,0.0,0.0,0.0,0.3715766910220457,1.9711404594451702,0.0,0.0,0.9323938199059483,0.3715766910220457,0.0,0.3715766910220457,4.17635105705636,0.0,0.9323938199059483,0.0,0.9323938199059483,0.6570468198150567,0.0,0.0,0.3715766910220457,0.0,0.6570468198150567,0.6570468198150567,0.0,0.0,0.0,0.0,0.0,0.9323938199059483,0.0,0.0,0.0,0.0,0.0,0.0,0.0,0.0,0.0,0.0,0.0,0.0,0.0,0.0,0.0,0.0,0.0,0.0,0.0,0.0,0.0,0.0,0.0,0.0,0.0,0.0,0.0,0.0,0.0,0.0,0.0,0.0,0.0,0.0,0.0,0.0,0.0,0.0,0.0
STU-097,0.21871188695221475,0.19204990862075408,0.0,0.21871188695221475,0.0,0.0,0.0,0.0,0.0,0.0,0.0,0.6505090947233165,0.6561356608566442,0.0,0.21871188695221475,0.0,0.0,0.21871188695221475,0.0,0.0,0.5761497258622622,0.6561356608566442,0.0,0.21871188695221475,0.0,0.19204990862075408,0.0,0.21871188695221475,0.21871188695221475,0.5761497258622622,0.0,0.0,0.0,0.19204990862075408,0.0,0.19204990862075408,0.0,0.21871188695221475,0.0,0.0,0.0,0.0,0.0,0.0,0.0,0.0,0.0,0.0,0.0,0.0,0.0,0.0,0.0,0.0,0.0,0.0,0.0,0.0,0.0,0.0,0.0,0.0,0.0,0.0,0.0,0.0,0.0,0.0,0.0,0.0,0.0,0.0,0.0,0.0,0.0
STU-098,0.0,0.0,0.0,0.31981902181630384,0.31981902181630384,0.31981902181630384,0.0,0.0,0.0,0.0,0.0,0.0,0.0,0.0,0.0,0.0,0.0,0.0,0.0,0.0,0.0,0.0,0.4916441974609651,0.0,0.4916441974609651,0.31981902181630384,0.0,0.9594570654489115,0.4916441974609651,0.31981902181630384,0.0,0.0,0.4916441974609651,0.0,0.0,0.9594570654489115,0.0,0.0,0.0,0.0,0.0,0.0,0.0,0.0,0.0,0.0,0.0,0.0,0.0,0.0,0.0,0.0,0.0,0.0,0.0,0.0,0.0,0.0,0.0,0.0,0.0,0.0,0.0,0.0,0.0,0.0,0.0,0.0,0.0,0.0,0.0,0.0,0.0,0.0,0.0
STU-099,0.0,0.0,0.0,0.0,0.0,0.0,0.0,0.0,0.0,0.0,0.0,0.0,0.0,0.0,0.0,0.0,0.0,0.0,0.0,0.0,0.0,0.0,0.0,0.0,0.0,0.0,0.0,0.0,0.0,0.0,0.0,0.0,0.0,0.0,0.0,0.0,0.0,0.0,0.0,0.23223627472975883,0.0,0.0,0.0,0.0,0.0,0.0,0.0,0.0,0.6967088241892765,0.0,0.0,0.6967088241892765,0.0,0.0,0.0,0.0,0.0,0.0,0.6967088241892765,0.0,0.0,0.0,0.0,0.0,0.0,0.0,0.0,0.0,0.0,0.0,0.0,0.0,0.0,0.0,0.0
STU-100,0.0,0.0,0.0,0.0,0.0,0.0,0.0,0.0,0.0,0.0,0.0,0.0,0.0,0.0,0.0,0.0,0.0,0.0,0.0,0.0,0.0,0.0,0.0,0.0,0.0,0.0,0.0,0.0,0.0,0.0,0.0,0.0,0.0,0.0,0.0,0.0,0.0,0.0,0.0,0.0,0.0,0.0,0.0,0.0,0.0,0.0,0.5015760690660555,0.0,0.0,0.0,0.0,0.0,0.0,1.5047282071981662,0.0,0.5015760690660555,0.0,0.0,0.5015760690660555,0.0,0.0,0.0,0.0,0.5015760690660555,0.0,0.0,0.5015760690660555,0.0,0.0,0.5015760690660555,0.0,0.0,0.0,0.0,0.0
STU-101,0.0,0.0,0.0,0.0,0.0,0.0,0.0,0.0,0.0,0.0,0.0,0.0,0.0,0.0,0.0,0.0,0.0,0.0,0.0,0.0,0.0,0.0,0.0,0.0,0.0,0.0,0.0,0.0,0.0,0.0,0.0,0.0,0.0,0.0,0.0,0.0,0.0,0.0,0.0,0.6907343306373547,0.0,0.0,0.0,0.0,0.0,2.072202991912064,0.0,0.0,0.6907343306373547,0.0,0.0,0.0,0.0,0.0,0.0,0.0,0.0,0.6907343306373547,0.0,0.0,0.0,0.0,0.0,0.0,0.0,0.0,0.0,0.0,0.6907343306373547,0.0,0.0,0.0,0.0,0.0,0.0
STU-102,0.0,0.0,0.0,0.0,0.0,0.0,0.0,0.0,0.5488116360940265,0.5488116360940265,0.0,0.5488116360940265,0.0,0.0,0.5488116360940265,0.0,0.0,0.0,0.5488116360940265,0.5488116360940265,0.0,0.0,0.0,0.0,0.0,0.0,0.0,0.0,0.0,0.0,0.0,0.0,0.5488116360940265,0.0,1.6464349082820795,0.0,0.0,0.0,0.0,0.0,0.0,0.0,0.0,0.0,0.0,0.0,0.0,0.0,0.0,0.0,0.0,0.0,0.0,0.0,0.0,0.0,0.0,0.0,0.0,0.0,0.0,0.0,0.0,0.0,0.0,0.0,0.0,0.0,0.0,0.0,0.0,0.0,0.0,0.0,0.0
STU-103,0.0,0.0,0.0,0.0,0.0,0.0,0.0,0.0,0.0,0.0,0.0,0.0,0.0,0.0,0.0,0.1686381472685955,0.0,0.0,0.0,0.0,0.0,0.0,0.0,0.0,0.0,0.0,0.0,0.0,0.1686381472685955,0.0,0.0,0.0,0.0,0.0,0.0,0.0,0.1686381472685955,0.1686381472685955,0.0,0.0,0.0,0.0,0.0,0.0,0.0,0.0,0.0,0.0,0.0,0.0,0.0,0.0,0.0,0.0,0.0,0.0,0.0,0.0,0.0,0.0,0.0,0.0,0.0,0.0,0.0,0.0,0.0,0.0,0.0,0.0,0.0,0.0,0.0,0.0,0.0
STU-104,0.0,0.0,0.0,0.0,0.0,0.0,0.0,0.0,0.0,0.0,0.0,0.0,0.0,0.0,0.0,0.0,0.0,0.0,0.0,0.0,0.0,0.0,0.0,0.0,0.0,0.0,0.0,0.0,0.0,0.0,0.0,0.0,0.0,0.0,0.0,0.0,0.0,0.0,0.0,0.0,0.0,0.0,0.0,0.0,0.0,0.0,0.0,0.0,0.0,0.0,0.0,0.0,0.0,0.0,0.0,0.0,0.0,0.0,0.0,0.0,0.0,0.0,0.0,0.0,0.0,0.22313016014842982,0.22313016014842982,0.0,0.0,0.0,0.0,0.22313016014842982,0.0,0.22313016014842982,0.0
STU-105,0.0,0.0,0.0,0.0,0.0,0.0,0.0,0.0,0.0,0.0,0.0,0.0,0.0,0.0,0.0,0.0,0.0,0.0,0.0,0.0,0.0,0.0,0.0,0.0,0.0,0.0,0.0,0.0,0.0,0.0,0.0,0.0,0.0,0.0,0.0,0.0,0.0,0.0,0.0,0.0,0.0,0.0,0.0,0.5168513344916992,0.0,0.0,0.0,0.0,0.0,0.0,0.5168513344916992,0.0,0.0,0.0,0.5168513344916992,0.5168513344916992,0.0,0.0,0.0,0.0,0.0,0.0,0.0,0.5168513344916992,0.0,0.0,0.0,0.0,0.0,0.0,0.5168513344916992,0.5168513344916992,0.0,0.5168513344916992,0.0
STU-106,0.0,0.0,0.0,0.5015760690660555,0.0,0.5015760690660555,0.0,0.0,0.0,0.0,0.0,0.0,0.0,0.0,0.0,0.0,0.0,0.0,0.0,0.0,0.0,0.0,0.5015760690660555,0.5015760690660555,0.0,0.0,0.0,0.0,0.5015760690660555,0.0,0.0,0.0,0.0,0.0,0.5015760690660555,0.0,0.0,0.0,0.0,0.0,0.0,0.0,0.0,0.0,0.0,0.0,0.0,0.0,0.0,0.0,0.0,0.0,0.0,0.0,0.0,0.0,0.0,0.0,0.0,0.0,0.0,0.0,0.0,0.0,0.0,0.0,0.0,0.0,0.0,0.0,0.0,0.0,0.0,0.0,0.0
STU-107,0.0,0.0,0.0,0.0,0.5827482523739896,0.5827482523739896,0.0,0.0,0.8187307530779818,0.0,0.17204486382305054,0.0,0.5161345914691516,0.0,0.0,0.0,0.5827482523739896,0.5827482523739896,0.0,0.0,0.0,0.5827482523739896,0.5827482523739896,0.5827482523739896,0.5827482523739896,0.5827482523739896,0.0,0.5827482523739896,0.0,0.0,0.5161345914691516,0.0,0.0,0.0,1.7658149090350657,0.0,0.0,0.0,0.0,0.0,0.0,0.0,0.0,0.0,0.0,0.0,0.0,0.0,0.0,0.0,0.0,0.0,0.0,0.0,0.0,0.0,0.0,0.0,0.0,0.0,0.0,0.0,0.0,0.0,0.0,0.0,0.0,0.0,0.0,0.0,0.0,0.0,0.0,0.0,0.0
STU-108,0.0,0.0,0.0,0.0,0.0,0.0,0.0,0.0,0.0,0.0,0.0,0.0,0.0,0.0,0.0,0.0,0.0,0.0,0.0,0.0,0.0,0.0,0.0,0.0,0.0,0.0,0.0,0.0,0.0,0.0,0.0,0.0,0.0,0.0,0.0,0.0,0.0,0.0,0.0,0.0,0.3715766910220457,0.0,0.9048374180359595,0.3715766910220457,0.3715766910220457,0.0,0.9048374180359595,0.0,0.0,0.0,0.9048374180359595,0.0,0.0,0.0,4.390477154602807,1.0,0.0,1.1147300730661371,0.0,0.0,0.9048374180359595,0.0,0.3715766910220457,0.9048374180359595,0.0,0.3715766910220457,0.9048374180359595,0.0,0.0,0.0,0.9048374180359595,0.0,0.0,0.0,0.0
STU-109,0.0,0.40252422403363597,0.26713530196585034,0.0,0.0,0.0,0.21224797382674304,0.26713530196585034,0.6367439214802291,0.26713530196585034,0.0,0.0,0.0,0.21224797382674304,0.40252422403363597,0.21224797382674304,0.0,0.0,0.0,0.0,0.0,0.0,0.801405905897551,0.0,0.0,0.0,0.0,0.0,0.26713530196585034,0.21224797382674304,0.21224797382674304,0.0,0.40252422403363597,0.40252422403363597,0.0,0.40252422403363597,0.0,0.0,0.0,0.0,0.0,0.0,0.0,0.0,0.0,0.0,0.0,0.0,0.0,0.0,0.0,0.0,0.0,0.0,0.0,0.0,0.0,0.0,0.0,0.0,0.0,0.0,0.0,0.0,0.0,0.0,0.0,0.0,0.0,0.0,0.0,0.0,0.0,0.0,0.0
STU-110,0.0,0.0,0.0,0.0,0.0,0.0,0.0,0.0,0.0,0.0,0.0,0.0,0.0,0.0,0.0,0.0,0.0,0.0,0.0,0.0,0.0,0.0,0.0,0.0,0.0,0.0,0.0,0.0,0.0,0.0,0.0,0.0,0.0,0.0,0.0,0.0,0.0,0.0,0.1901389801015205,0.1901389801015205,0.0,0.39851904108451414,0.0,0.0,0.0,0.0,0.0,0.0,0.0,0.0,0.0,0.0,0.0,0.0,0.0,0.0,0.0,0.39851904108451414,0.1901389801015205,0.0,0.1901389801015205,0.1901389801015205,0.1901389801015205,0.39851904108451414,0.39851904108451414,0.39851904108451414,0.1901389801015205,0.0,0.1901389801015205,0.0,0.0,0.39851904108451414,0.5704169403045615,0.0,0.0
STU-111,0.0,0.0,0.0,0.0,0.0,0.0,0.0,0.0,0.0,0.0,0.0,0.0,0.0,0.0,0.0,0.0,0.0,0.0,0.0,0.0,0.0,0.0,0.0,0.0,0.0,0.0,0.0,0.0,0.0,0.0,0.0,0.0,0.0,0.0,0.0,0.0,0.0,0.0,0.261845668580326,0.0,0.0,0.0,0.785537005740978,0.0,0.261845668580326,0.0,0.0,0.0,0.261845668580326,0.0,0.7472259138950045,0.0,0.0,0.0,0.0,0.261845668580326,0.2893842179390506,0.0,0.261845668580326,0.2893842179390506,0.2893842179390506,0.0,0.7472259138950045,0.2893842179390506,0.2893842179390506,0.24659696394160643,0.0,0.0,0.785537005740978,0.261845668580326,0.24659696394160643,0.0,0.7397908918248193,0.0,0.261845668580326
STU-112,0.0,0.0,0.4231620823177488,0.0,0.0,0.0,1.1372491143101966,0.4231620823177488,0.0,0.0,0.0,1.1372491143101966,0.0,0.0,0.0,0.4231620823177488,0.0,0.0,0.0,0.0,0.4231620823177488,0.37531109885139957,0.0,0.0,0.0,0.0,0.0,0.0,0.0,0.0,0.0,0.0,0.0,0.4231620823177488,1.1372491143101966,0.0,0.0,0.4231620823177488,0.0,0.0,0.0,0.0,0.0,0.0,0.0,0.0,0.0,0.0,0.0,0.0,0.0,0.0,0.0,0.0,0.0,0.0,0.0,0.0,0.0,0.0,0.0,0.0,0.0,0.0,0.0,0.0,0.0,0.0,0.0,0.0,0.0,0.0,0.0,0.0,0.0
STU-113,0.0,0.0,0.0,0.0,0.0,0.0,0.0,0.0,0.0,0.0,0.0,0.0,0.0,0.0,0.0,0.0,1.0,0.0,0.0,0.0,0.0,0.0,0.0,1.0,0.0,1.0,0.0,1.0,0.0,0.0,1.0,0.0,0.0,0.0,1.0,1.0,4.303539882125289,1.0,0.0,0.0,0.0,0.0,0.0,0.0,0.0,0.0,0.0,0.0,0.0,0.0,0.0,0.0,0.0,0.0,0.0,0.0,0.0,0.0,0.0,0.0,0.0,0.0,0.0,0.0,0.0,0.0,0.0,0.0,0.0,0.0,0.0,0.0,0.0,0.0,0.0
STU-114,0.0,0.0,0.0,0.0,0.0,0.0,0.0,0.0,0.0,0.0,0.0,0.0,0.0,0.0,0.0,0.0,0.0,0.0,0.0,0.0,0.0,0.0,0.0,0.0,0.0,0.0,0.0,0.0,0.0,0.0,0.0,0.0,0.0,0.0,0.0,0.0,0.0,0.0,0.0,0.0,0.0,0.0,0.2981972794298874,0.6250022682827008,0.2981972794298874,0.0,0.0,0.0,0.0,0.6250022682827008,0.2981972794298874,0.0,0.0,0.0,0.0,0.2981972794298874,0.0,0.0,0.0,0.6250022682827008,0.2981972794298874,0.2981972794298874,0.0,0.0,0.6250022682827008,0.0,0.0,0.0,0.0,0.2981972794298874,0.8945918382896622,0.0,0.0,0.0,0.0
STU-115,0.0,0.0,0.0,0.0,0.0,0.0,0.0,0.0,0.0,0.0,0.0,0.0,0.0,0.0,0.0,0.0,0.0,0.0,0.0,0.0,0.0,0.0,0.0,0.0,0.0,0.0,0.0,0.0,0.0,0.0,0.0,0.0,0.0,0.0,0.0,0.0,0.0,0.0,0.0,0.0,0.0,0.3499377491111553,0.0,0.940458542647816,0.3499377491111553,0.0,0.0,0.0,0.0,0.0,0.0,0.0,0.0,0.9499103081371595,0.3499377491111553,0.0,0.0,0.3499377491111553,0.0,0.9499103081371595,0.0,0.0,0.0,0.0,0.0,0.0,0.0,0.0,0.0,0.0,0.0,0.0,0.3499377491111553,0.0,0.3499377491111553
STU-116,0.0,0.0,0.0,0.0,0.0,0.0,0.0,0.0,0.0,0.0,0.0,0.0,0.0,0.0,0.0,0.0,0.0,0.0,0.0,0.0,0.0,0.0,0.0,0.0,0.0,0.0,0.0,0.0,0.0,0.0,0.0,0.0,0.0,0.0,0.0,0.0,0.0,0.0,0.5325918010068972,0.0,0.0,0.0,0.794533602503334,0.0,0.0,0.794533602503334,0.0,0.0,0.0,0.0,0.5325918010068972,0.0,0.0,0.794533602503334,0.46766642700990924,0.0,0.0,0.5325918010068972,0.46766642700990924,1.4029992810297278,0.0,0.0,0.5325918010068972,0.794533602503334,0.0,0.0,0.0,0.5325918010068972,0.0,0.794533602503334,1.5977754030206914,0.5325918010068972,0.0,0.0,0.0
STU-117,0.0,0.0,0.0,0.7710515858035663,0.0,0.0,0.5886049696783552,0.0,0.0,0.0,0.5886049696783552,0.0,0.0,0.0,0.0,0.0,0.0,0.0,0.5886049696783552,0.0,0.0,0.5886049696783552,0.5886049696783552,0.0,0.0,0.0,0.5886049696783552,0.5886049696783552,0.0,0.0,0.5886049696783552,0.5886049696783552,0.0,0.0,0.0,0.0,1.7658149090350657,0.0,0.0,0.0,0.0,0.0,0.0,0.0,0.0,0.0,0.0,0.0,0.0,0.0,0.0,0.0,0.0,0.0,0.0,0.0,0.0,0.0,0.0,0.0,0.0,0.0,0.0,0.0,0.0,0.0,0.0,0.0,0.0,0.0,0.0,0.0,0.0,0.0,0.0
STU-118,0.0,0.0,0.0,0.0,1.0,0.0,1.0,0.0,0.0,0.0,0.0,0.0,0.0,0.0,0.0,0.0,0.0,0.0,0.0,0.0,0.0,3.0,0.0,0.0,0.0,0.0,0.0,0.0,0.0,0.0,0.0,0.0,0.0,0.0,0.0,1.0,0.0,0.0,0.0,0.0,0.0,0.0,0.0,0.0,0.0,0.0,0.0,0.0,0.0,0.0,0.0,0.0,0.0,0.0,0.0,0.0,0.0,0.0,0.0,0.0,0.0,0.0,0.0,0.0,0.0,0.0,0.0,0.0,0.0,0.0,0.0,0.0,0.0,0.0,0.0
STU-119,2.1784471112210726,0.0,0.0,0.7482635675785653,0.7482635675785653,0.0,0.0,0.0,0.7482635675785653,0.7482635675785653,0.0,0.7482635675785653,0.0,0.0,0.7482635675785653,0.0,0.0,0.0,0.0,0.0,0.0,0.0,0.0,0.0,0.0,0.7482635675785653,0.0,2.1784471112210726,0.0,0.7482635675785653,0.7482635675785653,0.0,0.0,0.0,0.0,0.0,0.0,0.0,0.0,0.0,0.0,0.0,0.0,0.0,0.0,0.0,0.0,0.0,0.0,0.0,0.0,0.0,0.0,0.0,0.0,0.0,0.0,0.0,0.0,0.0,0.0,0.0,0.0,0.0,0.0,0.0,0.0,0.0,0.0,0.0,0.0,0.0,0.0,0.0,0.0
STU-120,0.17906614791149322,0.0,0.0,0.0,0.0,0.0,0.0,0.0,0.0,0.0,0.17906614791149322,0.0,0.0,0.0,0.0,0.17906614791149322,0.0,0.0,0.0,0.0,0.17906614791149322,0.0,0.0,0.0,0.0,0.0,0.17906614791149322,0.17906614791149322,0.0,0.0,0.0,0.0,0.0,0.0,0.17906614791149322,0.17906614791149322,0.0,0.0,0.0,0.0,0.0,0.0,0.0,0.0,0.0,0.0,0.0,0.0,0.0,0.0,0.0,0.0,0.0,0.0,0.0,0.0,0.0,0.0,0.0,0.0,0.0,0.0,0.0,0.0,0.0,0.0,0.0,0.0,0.0,0.0,0.0,0.0,0.0,0.0,0.0
STU-121,0.0,0.9788393838691184,0.0,0.32627979462303947,0.8780954309205613,0.8780954309205613,1.0290255522561198,0.0,0.34300851741870664,0.0,0.0,0.8780954309205613,0.0,0.8780954309205613,0.0,0.0,0.0,0.0,0.0,0.9788393838691184,0.0,0.0,0.8780954309205613,0.0,0.8780954309205613,0.0,0.0,0.32627979462303947,0.0,0.0,0.32627979462303947,0.0,0.0,0.34300851741870664,0.0,0.9788393838691184,0.0,0.0,0.0,0.0,0.0,0.0,0.0,0.0,0.0,0.0,0.0,0.0,0.0,0.0,0.0,0.0,0.0,0.0,0.0,0.0,0.0,0.0,0.0,0.0,0.0,0.0,0.0,0.0,0.0,0.0,0.0,0.0,0.0,0.0,0.0,0.0,0.0,0.0,0.0
STU-122,0.0,0.0,0.0,0.0,0.0,0.0,0.0,0.0,0.0,0.0,0.0,1.8014867364367977,0.0,0.0,0.0,0.0,0.0,0.0,0.0,0.0,0.0,0.0,0.6004955788122659,0.0,0.0,0.0,0.0,0.0,1.8014867364367977,0.0,0.0,0.0,0.0,0.0,0.0,0.0,0.0,0.0,0.0,0.0,0.0,0.0,0.0,0.0,0.0,0.0,0.0,0.0,0.0,0.0,0.0,0.0,0.0,0.0,0.0,0.0,0.0,0.0,0.0,0.0,0.0,0.0,0.0,0.0,0.0,0.0,0.0,0.0,0.0,0.0,0.0,0.0,0.0,0.0,0.0
STU-123,0.0,0.0,0.0,0.0,0.0,0.0,0.0,0.0,0.0,0.0,0.0,0.0,0.0,0.0,0.0,0.0,0.0,0.0,0.0,0.0,0.0,0.0,0.0,0.0,0.0,0.0,0.0,0.0,0.0,0.0,0.0,0.0,0.0,0.0,0.0,0.0,0.0,0.0,0.9801986733067553,0.0,0.6126263941844161,0.0,0.0,0.0,0.0,0.0,0.0,0.0,0.0,0.0,0.0,0.0,0.0,0.6126263941844161,0.0,0.6126263941844161,0.0,0.0,0.0,0.0,0.0,0.6126263941844161,0.0,0.0,0.6126263941844161,0.6126263941844161,0.0,4.569655926356141,0.6126263941844161,0.0,0.6126263941844161,0.0,0.0,0.0,3.512381723682245
STU-124,0.0,0.0,0.0,0.1808657926171221,0.23692775868212176,0.1808657926171221,0.23692775868212176,0.5425973778513663,0.5425973778513663,0.0,0.23692775868212176,0.23692775868212176,0.0,0.23692775868212176,0.0,0.0,0.0,0.23692775868212176,0.23692775868212176,0.0,0.0,0.0,0.0,0.1808657926171221,0.1808657926171221,0.0,0.1808657926171221,0.1808657926171221,0.0,0.0,0.0,0.23692775868212176,0.0,0.0,0.7107832760463653,0.0,0.1808657926171221,0.548050572158204,0.0,0.0,0.0,0.0,0.0,0.0,0.0,0.0,0.0,0.0,0.0,0.0,0.0,0.0,0.0,0.0,0.0,0.0,0.0,0.0,0.0,0.0,0.0,0.0,0.0,0.0,0.0,0.0,0.0,0.0,0.0,0.0,0.0,0.0,0.0,0.0,0.0
STU-125,0.8521437889662113,0.0,1.103638323514327,0.0,0.36787944117144233,0.0,0.36787944117144233,0.0,0.0,0.0,0.0,0.36787944117144233,0.0,0.8521437889662113,0.0,0.8521437889662113,0.0,0.0,0.0,0.0,0.0,1.103638323514327,0.0,0.0,3.0535179773474126,0.0,0.0,0.0,0.8521437889662113,0.0,0.36787944117144233,0.0,0.0,0.0,0.8521437889662113,0.36787944117144233,0.36787944117144233,0.8521437889662113,0.0,0.0,0.0,0.0,0.0,0.0,0.0,0.0,0.0,0.0,0.0,0.0,0.0,0.0,0.0,0.0,0.0,0.0,0.0,0.0,0.0,0.0,0.0,0.0,0.0,0.0,0.0,0.0,0.0,0.0,0.0,0.0,0.0,0.0,0.0,0.0,0.0
STU-126,0.0,0.0,0.0,0.0,0.0,0.0,0.0,0.0,0.0,0.0,0.0,0.0,0.0,0.0,0.0,0.0,0.0,0.0,0.0,0.0,0.0,0.0,0.0,0.0,0.0,0.0,0.0,0.0,0.0,0.0,0.0,0.0,0.0,0.0,0.0,0.0,0.0,0.0,0.0,0.6004955788122659,0.0,0.0,0.0,0.0,0.6004955788122659,0.0,0.0,0.0,0.0,0.0,0.0,0.0,0.0,0.6004955788122659,0.0,0.0,0.0,0.0,0.6004955788122659,0.0,1.8014867364367977,0.6004955788122659,0.0,0.6004955788122659,0.0,0.0,0.0,0.0,0.0,0.0,0.0,0.6004955788122659,0.0,0.0,0.0
STU-127,0.0,0.0,0.0,0.0,0.0,0.0,0.0,0.0,0.0,0.0,0.0,0.0,0.0,0.0,0.0,0.0,0.0,0.0,0.0,0.0,0.0,0.0,0.0,0.0,0.0,0.0,0.0,0.0,0.0,0.0,0.0,0.0,0.0,0.0,0.0,0.0,0.0,0.0,0.0,1.0603640458763404,0.0,0.0,0.0,0.0,0.0,0.0,0.0,0.0,0.0,0.8958341352965282,1.0603640458763404,0.8958341352965282,0.0,0.0,0.0,0.0,0.261845668580326,0.785537005740978,0.0,0.261845668580326,0.785537005740978,0.261845668580326,0.8958341352965282,0.0,0.261845668580326,0.0,3.54768174686863,0.261845668580326,0.0,0.0,0.8958341352965282,0.8958341352965282,0.0,1.071020881707442,0.0
STU-128,0.0,0.0,0.0,0.0,0.0,0.0,0.0,0.0,0.0,0.0,0.0,0.0,0.0,0.0,0.0,0.0,0.0,0.0,0.0,0.0,0.0,0.0,0.0,0.0,0.0,0.0,0.0,0.0,0.0,0.0,0.0,0.0,0.0,0.0,0.0,0.0,0.0,0.0,0.631283645506926,0.0,0.0,1.8938509365207779,0.631283645506926,0.0,0.631283645506926,0.0,1.8938509365207779,0.0,0.631283645506926,0.8436648165963837,0.0,0.0,0.0,0.0,0.0,0.0,0.0,0.0,0.8436648165963837,0.2698200563846868,0.0,0.8094601691540604,0.0,0.0,0.0,0.631283645506926,0.0,0.0,0.2698200563846868,0.0,0.0,0.8436648165963837,0.0,0.0,0.631283645506926
STU-129,0.0,0.0,0.0,0.0,0.0,0.0,0.0,0.0,0.0,0.0,0.0,0.0,0.0,0.0,0.0,0.0,0.0,0.0,0.0,0.0,0.0,0.0,0.0,0.0,0.0,0.0,0.0,0.0,0.0,0.0,0.0,0.0,0.0,0.0,0.0,0.0,0.0,0.0,0.0,0.0,0.4274149319487267,0.0,0.0,0.0,0.0,0.0,0.0,0.0,0.4274149319487267,0.0,0.0,0.0,0.0,0.0,0.0,0.4274149319487267,0.0,0.0,0.4274149319487267,0.4274149319487267,0.0,0.4274149319487267,0.0,0.0,0.4274149319487267,0.0,0.0,0.4274149319487267,0.0,0.0,0.0,0.0,0.0,0.0,0.0
STU-130,0.0,0.0,0.0,0.0,0.0,0.0,0.0,0.0,0.0,0.0,0.0,0.0,0.0,0.0,0.0,0.0,0.0,0.0,0.0,0.0,0.0,0.0,0.0,0.0,0.0,0.0,0.0,0.0,0.0,0.0,0.0,0.0,0.0,0.0,0.0,0.0,0.0,0.0,1.0603640458763404,0.37531109885139957,0.35345468195878016,0.37531109885139957,0.0,0.0,0.0,0.3867410234545012,0.0,0.0,0.0,0.0,1.0603640458763404,0.0,0.3867410234545012,0.3867410234545012,0.37531109885139957,0.0,0.0,0.0,1.1259332965541988,0.37531109885139957,0.0,0.3867410234545012,0.0,0.0,0.0,0.35345468195878016,0.37531109885139957,0.37531109885139957,0.3867410234545012,0.0,0.0,0.0,0.3867410234545012,0.0,0.37531109885139957
STU-131,0.0,0.7408182206817179,0.0,0.0,0.0,0.0,0.7408182206817179,0.0,0.7408182206817179,0.0,0.0,0.0,0.0,0.0,0.0,0.0,0.0,0.0,0.7408182206817179,0.7408182206817179,0.0,0.0,0.7408182206817179,0.0,0.7408182206817179,0.0,0.0,0.0,0.0,0.0,0.7408182206817179,0.7408182206817179,0.7408182206817179,0.0,0.0,0.0,0.0,0.0,0.0,0.0,0.0,0.0,0.0,0.0,0.0,0.0,0.0,0.0,0.0,0.0,0.0,0.0,0.0,0.0,0.0,0.0,0.0,0.0,0.0,0.0,0.0,0.0,0.0,0.0,0.0,0.0,0.0,0.0,0.0,0.0,0.0,0.0,0.0,0.0,0.0
STU-132,0.0,0.0,0.5117085777865424,0.5117085777865424,0.0,0.0,0.0,0.0,0.0,0.0,0.0,0.0,0.0,0.0,0.0,0.0,0.0,0.0,0.0,0.0,0.0,0.5117085777865424,0.0,0.0,0.0,0.0,0.0,0.0,0.0,0.0,0.0,0.0,0.0,0.0,0.0,0.0,0.0,0.0,0.0,0.0,0.0,0.0,0.0,0.0,0.0,0.0,0.0,0.0,0.0,0.0,0.0,0.0,0.0,0.0,0.0,0.0,0.0,0.0,0.0,0.0,0.0,0.0,0.0,0.0,0.0,0.0,0.0,0.0,0.0,0.0,0.0,0.0,0.0,0.0,0.0
STU-133,0.0,0.0,0.36787944117144233,0.0,0.0,0.0,0.0,0.0,0.0,0.0,1.103638323514327,0.0,0.0,0.0,0.0,0.0,0.0,0.0,0.0,0.36787944117144233,0.0,0.0,0.0,0.0,0.0,0.0,0.36787944117144233,0.0,0.36787944117144233,0.0,0.0,0.0,0.0,0.0,0.0,0.0,0.0,0.0,0.0,0.0,0.0,0.0,0.0,0.0,0.0,0.0,0.0,0.0,0.0,0.0,0.0,0.0,0.0,0.0,0.0,0.0,0.0,0.0,0.0,0.0,0.0,0.0,0.0,0.0,0.0,0.0,0.0,0.0,0.0,0.0,0.0,0.0,0.0,0.0,0.0
STU-134,0.0,1.5505540034750975,0.0,0.5168513344916992,0.0,0.0,0.0,0.0,0.0,0.0,0.0,0.0,0.0,0.5168513344916992,0.0,0.0,0.0,0.0,0.0,0.0,0.0,0.0,0.0,0.0,0.0,0.0,0.0,0.0,0.0,0.5168513344916992,1.5505540034750975,0.0,0.0,0.0,0.5168513344916992,0.0,0.0,0.0,0.0,0.0,0.0,0.0,0.0,0.0,0.0,0.0,0.0,0.0,0.0,0.0,0.0,0.0,0.0,0.0,0.0,0.0,0.0,0.0,0.0,0.0,0.0,0.0,0.0,0.0,0.0,0.0,0.0,0.0,0.0,0.0,0.0,0.0,0.0,0.0,0.0
STU-135,0.0,0.27527078308975234,0.0,0.0,0.0,0.0,0.0,0.0,0.27527078308975234,0.0,0.0,0.0,0.0,0.0,0.27527078308975234,0.8258123492692571,0.0,0.0,0.0,0.0,0.0,0.0,0.0,0.0,0.0,0.0,0.0,0.0,0.0,0.0,0.0,0.27527078308975234,0.0,0.0,0.0,0.0,0.0,0.8258123492692571,0.0,0.0,0.0,0.0,0.0,0.0,0.0,0.0,0.0,0.0,0.0,0.0,0.0,0.0,0.0,0.0,0.0,0.0,0.0,0.0,0.0,0.0,0.0,0.0,0.0,0.0,0.0,0.0,0.0,0.0,0.0,0.0,0.0,0.0,0.0,0.0,0.0
STU-136,0.0,0.0,0.0,0.0,0.0,0.0,0.0,0.0,0.0,0.0,0.0,0.0,0.0,0.0,0.0,0.0,0.0,0.0,0.0,0.0,0.0,0.0,0.0,0.0,0.0,0.0,0.0,0.0,0.0,0.0,0.0,0.0,0.0,0.0,0.0,0.0,0.0,0.0,1.0817848205192349,0.0,0.0,0.0,0.0,0.0,0.0,0.0,0.3570069605691474,0.0,0.0,0.0,0.3605949401730783,0.0,0.0,0.0,0.6126263941844161,0.0,0.0,0.0,0.6126263941844161,0.0,1.0817848205192349,0.6126263941844161,0.3570069605691474,0.3570069605691474,0.0,0.6126263941844161,0.0,0.3570069605691474,1.09265693871457,0.6126263941844161,0.0,0.0,0.6126263941844161,1.0817848205192349,0.0
STU-137,0.0,0.0,0.3042212640667041,0.3042212640667041,0.1901389801015205,0.0,0.1901389801015205,0.0,0.0,0.0,0.3042212640667041,0.0,0.0,0.0,0.0,0.9417645335842487,0.0,0.3042212640667041,0.1901389801015205,0.0,0.0,0.3042212640667041,0.5704169403045615,0.0,0.0,0.0,0.0,0.0,4.434602183585787,0.0,0.3042212640667041,0.3042212640667041,0.1901389801015205,0.0,0.1901389801015205,0.0,0.0,0.3042212640667041,0.0,0.0,0.0,0.0,0.0,0.0,0.0,0.0,0.0,0.0,0.0,0.0,0.0,0.0,0.0,0.0,0.0,0.0,0.0,0.0,0.0,0.0,0.0,0.0,0.0,0.0,0.0,0.0,0.0,0.0,0.0,0.0,0.0,0.0,0.0,0.0,0.0
STU-138,0.0,0.0,0.0,0.0,0.0,0.7189237334319262,0.8780954309205613,0.0,0.0,0.0,0.0,0.0,0.0,0.0,0.0,0.0,0.0,0.0,0.7189237334319262,0.0,0.0,0.0,0.0,0.0,0.0,0.8780954309205613,0.0,2.1567712002957786,0.7189237334319262,0.0,0.7189237334319262,0.0,0.8780954309205613,0.8780954309205613,0.0,0.0,0.8780954309205613,2.1567712002957786,0.0,0.0,0.0,0.0,0.0,0.0,0.0,0.0,0.0,0.0,0.0,0.0,0.0,0.0,0.0,0.0,0.0,0.0,0.0,0.0,0.0,0.0,0.0,0.0,0.0,0.0,0.0,0.0,0.0,0.0,0.0,0.0,0.0,0.0,0.0,0.0,0.0
STU-139,0.0,0.0,0.0,0.0,0.32627979462303947,0.0,0.0,0.0,0.0,0.0,0.0,0.0,0.0,0.9788393838691184,0.0,0.9788393838691184,0.0,0.0,0.0,0.0,0.0,0.0,0.0,0.0,0.0,0.0,0.0,0.0,0.0,0.0,0.0,0.0,0.0,0.0,0.0,0.0,0.0,0.0,0.0,0.0,0.0,0.0,0.0,0.0,0.0,0.0,0.0,0.0,0.0,0.0,0.0,0.0,0.0,0.0,0.0,0.0,0.0,0.0,0.0,0.0,0.0,0.0,0.0,0.0,0.0,0.0,0.0,0.0,0.0,0.0,0.0,0.0,0.0,0.0,0.0
STU-140,0.0,0.0,0.0,0.0,0.0,0.0,0.0,0.0,0.0,0.0,0.0,0.0,0.0,0.0,0.0,0.0,0.0,0.0,0.0,0.0,0.0,0.0,0.0,0.0,0.0,0.0,0.0,0.0,0.0,0.0,0.0,0.0,0.0,0.0,0.0,0.0,0.0,0.0,0.0,0.0,0.0,0.0,0.0,0.0,0.0,0.0,0.0,0.0,0.7046880897187134,0.0,0.7046880897187134,0.0,0.0,0.0,0.0,0.0,0.0,0.0,2.1140642691561404,0.0,0.0,0.0,0.0,0.0,0.0,2.1140642691561404,0.0,0.0,0.0,0.7046880897187134,0.0,0.0,0.0,0.0,0.0
STU-141,0.0,0.0,0.0,0.0,0.0,0.0,0.0,0.0,0.0,0.0,0.0,0.0,0.0,0.0,0.0,0.0,0.0,0.0,0.0,0.0,0.0,0.0,0.0,0.0,0.0,0.0,0.0,0.0,0.0,0.0,0.0,0.0,0.0,0.0,0.0,0.0,0.0,0.0,0.0,0.0,0.5761497258622622,0.0,0.0,0.0,0.0,0.0,0.19204990862075408,0.0,0.0,0.0,0.0,0.0,0.0,0.19204990862075408,0.0,0.0,0.0,0.0,0.0,0.0,0.19204990862075408,0.0,0.0,0.0,0.0,0.19204990862075408,0.0,0.0,0.19204990862075408,0.0,0.0,0.0,0.0,0.0,0.0
STU-142,0.0,0.0,0.0,0.0,0.8187307530779818,0.8187307530779818,0.0,0.9594570654489115,0.0,0.0,0.31981902181630384,0.0,0.0,0.0,0.0,0.0,0.8187307530779818,0.0,0.0,0.8187307530779818,0.31981902181630384,0.0,0.8187307530779818,0.0,0.0,0.0,0.0,0.0,0.0,0.0,0.0,0.0,0.9594570654489115,0.0,3.210075191849914,0.0,0.8187307530779818,0.0,0.0,0.0,0.0,0.0,0.0,0.0,0.0,0.0,0.0,0.0,0.0,0.0,0.0,0.0,0.0,0.0,0.0,0.0,0.0,0.0,0.0,0.0,0.0,0.0,0.0,0.0,0.0,0.0,0.0,0.0,0.0,0.0,0.0,0.0,0.0,0.0,0.0
STU-143,0.34300851741870664,0.0,0.7324298494603113,0.34300851741870664,0.0,0.0,0.0,0.0,0.7324298494603113,0.0,0.0,0.34300851741870664,0.0,0.0,0.0,0.0,0.0,0.34300851741870664,0.34300851741870664,0.0,0.0,0.0,0.0,0.0,0.0,0.34300851741870664,0.0,0.34300851741870664,0.0,0.0,0.2441432831534371,0.0,0.34300851741870664,0.0,0.0,0.2441432831534371,0.0,0.0,0.0,0.0,0.0,0.0,0.0,0.0,0.0,0.0,0.0,0.0,0.0,0.0,0.0,0.0,0.0,0.0,0.0,0.0,0.0,0.0,0.0,0.0,0.0,0.0,0.0,0.0,0.0,0.0,0.0,0.0,0.0,0.0,0.0,0.0,0.0,0.0,0.0
STU-144,0.0,0.0,0.0,0.0,0.0,0.0,0.0,0.0,0.0,0.0,0.0,0.0,0.0,0.0,0.0,0.0,0.0,0.0,0.0,0.0,0.0,0.0,0.0,0.0,0.0,0.0,0.0,0.0,0.0,0.0,0.0,0.0,0.0,0.0,0.0,0.0,0.0,0.0,0.7046880897187134,0.0,0.0,0.0,0.7046880897187134,0.7046880897187134,2.0515842276370675,0.0,0.7046880897187134,0.0,0.0,0.0,0.0,0.0,0.0,0.0,0.0,0.0,0.0,0.0,0.0,0.0,0.0,0.0,0.0,0.0,0.0,0.0,0.7046880897187134,0.0,0.0,0.0,0.0,0.0,0.6770568744981647,0.0,0.6770568744981647
STU-145,0.0,0.0,0.0,0.0,0.0,0.0,0.3867410234545012,0.0,0.0,0.0,0.0,0.0,0.0,0.0,0.0,0.0,0.0,0.0,0.0,0.3867410234545012,0.0,0.0,0.0,1.1602230703635035,0.0,0.0,0.3867410234545012,0.0,0.0,0.0,1.1602230703635035,0.0,0.0,0.0,0.0,0.0,0.0,0.3867410234545012,0.0,0.0,0.0,0.0,0.0,0.0,0.0,0.0,0.0,0.0,0.0,0.0,0.0,0.0,0.0,0.0,0.0,0.0,0.0,0.0,0.0,0.0,0.0,0.0,0.0,0.0,0.0,0.0,0.0,0.0,0.0,0.0,0.0,0.0,0.0,0.0,0.0
STU-146,0.0,0.0,0.0,0.19592957412690934,0.19592957412690934,0.0,0.0,0.0,0.0,0.0,0.0,0.0,0.0,0.0,0.0,0.0,0.0,0.0,0.0,0.0,0.0,0.36787944117144233,0.587788722380728,0.0,0.36787944117144233,0.0,0.0,0.0,0.0,0.0,0.5936960972508439,0.0,0.0,0.0,0.0,0.0,0.0,0.0,0.0,0.0,0.0,0.0,0.0,0.0,0.0,0.0,0.0,0.0,0.0,0.0,0.0,0.0,0.0,0.0,0.0,0.0,0.0,0.0,0.0,0.0,0.0,0.0,0.0,0.0,0.0,0.0,0.0,0.0,0.0,0.0,0.0,0.0,0.0,0.0,0.0
STU-147,0.0,0.0,0.0,0.0,0.0,0.0,0.0,0.0,0.0,0.0,0.0,0.0,0.0,0.0,0.0,0.0,0.0,0.0,0.0,0.0,0.0,0.0,0.0,0.0,0.0,0.0,0.0,0.0,0.0,0.0,0.0,0.0,0.0,0.0,0.0,0.0,0.0,0.0,0.5936960972508439,0.0,0.0,1.207572672100908,0.0,0.48190899009020244,0.0,0.0,0.48190899009020244,0.0,0.40252422403363597,0.0,0.19592957412690934,0.0,0.0,0.0,0.48190899009020244,0.40252422403363597,0.40252422403363597,0.40252422403363597,0.40252422403363597,0.0,0.0,0.0,0.0,0.40252422403363597,0.0,0.0,0.19592957412690934,0.0,0.0,0.0,0.40252422403363597,0.40252422403363597,0.0,0.587788722380728,0.0
STU-148,0.0,0.0,0.0,0.0,0.0,0.0,0.0,0.0,0.0,0.0,0.0,0.0,0.0,0.0,0.0,0.0,0.0,0.0,0.0,0.0,0.0,0.0,0.0,0.0,0.0,0.0,0.0,0.0,0.0,0.0,0.0,0.0,0.0,0.0,0.0,0.0,0.0,0.0,0.0,0.7261490370736909,0.0,0.0,0.0,0.0,0.0,0.0,0.7261490370736909,0.0,0.0,0.0,0.0,0.0,0.0,0.0,0.0,0.0,0.7261490370736909,0.0,0.0,0.0,0.0,0.0,0.0,0.0,2.1784471112210726,0.0,0.0,0.0,0.7261490370736909,0.0,0.0,0.0,0.0,0.0,0.0
STU-149,0.0,0.0,0.0,0.0,0.0,0.0,0.0,0.0,0.0,0.0,0.0,0.0,0.0,0.0,0.0,0.0,0.0,0.0,0.0,0.0,0.0,0.0,0.0,0.0,0.0,0.0,0.0,0.0,0.0,0.0,0.0,0.0,0.0,0.0,0.0,0.0,0.0,0.0,0.0,0.0,0.6770568744981647,0.0,0.8258123492692571,0.0,0.0,0.0,0.0,0.0,0.0,0.0,0.0,0.0,0.0,0.0,0.0,0.0,0.0,0.0,0.22992548518672384,0.22992548518672384,0.0,0.0,0.8258123492692571,0.6770568744981647,0.6897764555601715,0.0,0.0,0.6770568744981647,0.6770568744981647,0.8258123492692571,0.0,0.6897764555601715,0.0,0.6770568744981647,0.0
STU-150,1.09265693871457,0.0,0.0,0.3642189795715233,0.5886049696783552,0.0,0.0,0.0,0.0,0.0,0.0,0.3642189795715233,0.0,0.3642189795715233,0.0,0.0,0.5886049696783552,0.0,0.0,0.5886049696783552,0.5886049696783552,0.3642189795715233,0.0,0.0,0.0,0.0,0.0,1.09265693871457,0.0,0.0,0.0,0.0,0.3642189795715233,0.0,0.0,0.0,1.09265693871457,0.3642189795715233,0.0,0.0,0.0,0.0,0.0,0.0,0.0,0.0,0.0,0.0,0.0,0.0,0.0,0.0,0.0,0.0,0.0,0.0,0.0,0.0,0.0,0.0,0.0,0.0,0.0,0.0,0.0,0.0,0.0,0.0,0.0,0.0,0.0,0.0,0.0,0.0,0.0
STU-151,0.0,0.0,0.2592402606458915,0.5535585719789677,0.0,0.2592402606458915,0.18451952399298926,0.0,0.7777207819376746,0.0,0.0,0.5535585719789677,0.0,0.0,0.18451952399298926,0.0,0.0,0.18451952399298926,0.18451952399298926,0.18451952399298926,0.0,0.0,0.0,0.5535585719789677,0.0,0.18451952399298926,0.0,0.0,0.0,0.18451952399298926,0.0,0.2592402606458915,0.0,0.0,0.0,0.0,0.0,0.2592402606458915,0.0,0.0,0.0,0.0,0.0,0.0,0.0,0.0,0.0,0.0,0.0,0.0,0.0,0.0,0.0,0.0,0.0,0.0,0.0,0.0,0.0,0.0,0.0,0.0,0.0,0.0,0.0,0.0,0.0,0.0,0.0,0.0,0.0,0.0,0.0,0.0,0.0
STU-152,0.0,0.0,0.0,0.0,0.0,0.0,0.0,0.0,0.0,0.0,0.0,0.0,0.0,0.0,0.0,0.0,0.0,0.0,0.0,0.0,0.0,0.0,0.0,0.0,0.0,0.0,0.0,0.0,0.0,0.0,0.0,0.0,0.0,0.0,0.0,0.0,0.0,0.0,0.0,0.0,0.0,0.0,0.7547356591792693,0.0,1.1718835060755632,0.3906278353585211,0.0,0.0,0.3906278353585211,0.0,0.0,0.0,0.0,0.0,0.631283645506926,0.0,0.0,0.0,0.3906278353585211,0.25157855305975646,0.0,0.3906278353585211,0.0,0.0,0.0,0.0,0.0,0.0,1.1718835060755632,0.0,0.7547356591792693,0.0,1.1718835060755632,0.0,0.0
STU-153,0.0,0.0,0.0,0.0,0.0,0.0,0.0,0.7107832760463653,0.0,0.0,0.0,0.0,0.0,0.0,0.0,0.0,0.0,0.0,0.0,0.0,0.0,0.23692775868212176,0.0,0.23692775868212176,0.0,0.0,0.0,0.0,0.0,0.0,0.0,0.0,0.0,0.0,0.0,0.0,0.0,0.0,0.0,0.0,0.0,0.0,0.0,0.0,0.0,0.0,0.0,0.0,0.0,0.0,0.0,0.0,0.0,0.0,0.0,0.0,0.0,0.0,0.0,0.0,0.0,0.0,0.0,0.0,0.0,0.0,0.0,0.0,0.0,0.0,0.0,0.0,0.0,0.0,0.0
STU-154,0.0,0.17906614791149322,0.0,0.0,0.0,0.5425973778513663,0.17906614791149322,0.0,0.1808657926171221,0.17906614791149322,0.0,0.5425973778513663,0.835270211411272,0.17906614791149322,0.0,0.0,0.0,0.17906614791149322,0.5371984437344797,0.0,0.0,0.0,0.0,0.0,0.17906614791149322,0.0,0.0,0.0,0.0,0.0,0.835270211411272,0.835270211411272,0.17906614791149322,0.835270211411272,0.0,0.1808657926171221,0.548050572158204,0.17906614791149322,0.0,0.0,0.0,0.0,0.0,0.0,0.0,0.0,0.0,0.0,0.0,0.0,0.0,0.0,0.0,0.0,0.0,0.0,0.0,0.0,0.0,0.0,0.0,0.0,0.0,0.0,0.0,0.0,0.0,0.0,0.0,0.0,0.0,0.0,0.0,0.0,0.0
STU-155,0.5704169403045615,0.0,0.0,0.5704169403045615,0.40252422403363597,0.0,0.0,0.0,0.0,0.0,0.40252422403363597,0.0,0.0,0.0,0.40252422403363597,0.0,0.5704169403045615,0.1901389801015205,0.0,0.0,0.0,0.40252422403363597,0.40252422403363597,0.0,0.0,0.0,0.0,0.0,0.0,0.0,0.0,0.0,0.40252422403363597,0.0,0.0,0.0,0.0,0.40252422403363597,0.0,0.0,0.0,0.0,0.0,0.0,0.0,0.0,0.0,0.0,0.0,0.0,0.0,0.0,0.0,0.0,0.0,0.0,0.0,0.0,0.0,0.0,0.0,0.0,0.0,0.0,0.0,0.0,0.0,0.0,0.0,0.0,0.0,0.0,0.0,0.0,0.0
STU-156,0.0,0.0,0.0,0.48190899009020244,0.0,0.0,0.0,0.0,0.0,0.0,0.0,0.0,0.0,0.48190899009020244,0.0,0.0,0.48190899009020244,0.0,0.48190899009020244,0.0,0.0,0.48190899009020244,0.0,0.0,0.48190899009020244,0.0,0.0,0.0,0.0,0.48190899009020244,0.0,0.0,0.0,0.0,0.0,0.48190899009020244,1.4457269702706073,0.48190899009020244,0.0,0.0,0.0,0.0,0.0,0.0,0.0,0.0,0.0,0.0,0.0,0.0,0.0,0.0,0.0,0.0,0.0,0.0,0.0,0.0,0.0,0.0,0.0,0.0,0.0,0.0,0.0,0.0,0.0,0.0,0.0,0.0,0.0,0.0,0.0,0.0,0.0
STU-157,0.0,0.0,0.17728440996987782,0.0,0.0,0.0,0.0,0.0,0.0,0.17728440996987782,0.17728440996987782,0.0,0.0,0.17728440996987782,0.0,0.0,0.0,0.0,0.0,0.0,0.0,0.0,0.0,0.17728440996987782,0.5318532299096335,0.0,0.0,0.0,0.17728440996987782,0.0,0.17728440996987782,0.0,0.0,0.0,0.17728440996987782,0.0,0.17728440996987782,0.0,0.0,0.0,0.0,0.0,0.0,0.0,0.0,0.0,0.0,0.0,0.0,0.0,0.0,0.0,0.0,0.0,0.0,0.0,0.0,0.0,0.0,0.0,0.0,0.0,0.0,0.0,0.0,0.0,0.0,0.0,0.0,0.0,0.0,0.0,0.0,0.0,0.0
STU-158,0.0,0.0,0.0,0.0,0.0,0.0,0.0,0.0,0.0,0.0,0.0,0.0,0.0,0.0,0.0,0.0,0.0,0.0,0.0,0.0,0.0,0.0,0.0,0.0,0.0,0.0,0.0,0.0,0.0,0.0,0.0,0.0,0.0,0.0,0.0,0.0,0.0,0.0,0.5325918010068972,0.0,0.0,0.0,0.0,0.2836540264997704,0.0,0.0,0.8509620794993111,0.0,0.0,0.8509620794993111,0.0,0.0,0.5325918010068972,0.0,0.0,0.0,0.0,0.0,0.0,0.0,0.8595143905805702,0.5945205479701944,0.2836540264997704,0.0,0.5945205479701944,0.5325918010068972,0.0,0.5325918010068972,0.2836540264997704,0.0,0.0,0.2836540264997704,0.5325918010068972,0.2836540264997704,1.6138333127840234
STU-159,0.0,0.0,0.0,0.0,0.0,0.0,0.0,0.0,0.0,0.0,0.0,0.0,0.0,0.0,0.21013607120076472,0.0,0.7189237334319262,0.0,0.21013607120076472,0.0,0.21013607120076472,0.0,0.0,0.0,0.0,0.6367439214802291,0.0,2.1567712002957786,0.21013607120076472,0.0,0.0,0.0,0.0,0.0,0.0,2.1567712002957786,0.0,0.0,0.0,0.0,0.0,0.0,0.0,0.0,0.0,0.0,0.0,0.0,0.0,0.0,0.0,0.0,0.0,0.0,0.0,0.0,0.0,0.0,0.0,0.0,0.0,0.0,0.0,0.0,0.0,0.0,0.0,0.0,0.0,0.0,0.0,0.0,0.0,0.0,0.0
STU-160,1.7835616439105832,0.0,0.5945205479701944,0.0,0.0,0.0,0.0,0.0,0.9139311852712282,0.0,0.0,0.0,0.0,0.0,0.0,0.0,0.3945537103716011,1.1836611311148033,1.7835616439105832,0.9139311852712282,3.6557247410849127,0.0,0.5945205479701944,0.0,0.0,0.5945205479701944,0.0,0.0,0.0,0.0,0.0,0.3945537103716011,0.0,0.0,0.0,0.0,1.1836611311148033,0.0,0.0,0.0,0.0,0.0,0.0,0.0,0.0,0.0,0.0,0.0,0.0,0.0,0.0,0.0,0.0,0.0,0.0,0.0,0.0,0.0,0.0,0.0,0.0,0.0,0.0,0.0,0.0,0.0,0.0,0.0,0.0,0.0,0.0,0.0,0.0,0.0,0.0
STU-161,0.0,0.0,0.0,0.17033298882540943,0.17033298882540943,0.0,0.0,0.0,0.0,0.0,0.0,0.0,0.0,0.0,0.0,0.0,0.0,0.0,0.0,0.17033298882540943,0.5272924240430485,0.5272924240430485,0.5272924240430485,0.0,0.0,0.17033298882540943,0.0,0.0,0.0,0.0,0.0,0.5272924240430485,0.5109989664762282,0.0,0.0,0.0,0.0,0.5109989664762282,0.0,0.0,0.0,0.0,0.0,0.0,0.0,0.0,0.0,0.0,0.0,0.0,0.0,0.0,0.0,0.0,0.0,0.0,0.0,0.0,0.0,0.0,0.0,0.0,0.0,0.0,0.0,0.0,0.0,0.0,0.0,0.0,0.0,0.0,0.0,0.0,0.0
STU-162,0.0,0.0,0.0,0.0,0.0,0.0,0.0,0.0,0.0,0.0,0.0,0.0,0.0,0.0,0.0,0.0,0.0,0.0,0.0,0.0,0.0,0.0,0.0,0.0,0.0,0.0,0.0,0.0,0.0,0.0,0.0,0.0,0.0,0.0,0.0,0.0,0.0,0.0,0.9417645335842487,0.0,0.0,0.0,0.0,0.9417645335842487,0.0,0.0,0.0,0.9417645335842487,0.0,0.0,0.9417645335842487,0.9417645335842487,0.0,0.9417645335842487,0.0,0.0,0.0,0.0,0.0,0.0,0.0,4.708822667921243,0.0,0.0,0.0,0.0,0.0,0.0,0.0,0.0,0.0,0.0,0.0,0.0,0.0
STU-163,0.0,0.0,0.0,0.0,0.0,0.0,0.0,0.0,0.0,0.0,0.0,0.0,0.0,0.0,0.0,0.0,0.0,0.0,0.0,0.0,0.0,0.0,0.0,0.0,0.0,0.0,0.0,0.0,0.0,0.0,0.0,0.0,0.0,0.0,0.0,0.0,0.0,0.0,0.36787944117144233,0.5591219281182299,0.36787944117144233,1.0290255522561198,0.36787944117144233,0.0,0.0,0.0,0.36787944117144233,0.0,0.0,0.0,0.0,0.0,0.0,0.0,1.0290255522561198,0.0,0.0,0.18637397603940997,0.18637397603940997,0.18637397603940997,0.0,0.0,0.0,0.0,0.0,0.36787944117144233,0.18637397603940997,0.0,0.0,0.0,0.18637397603940997,0.18637397603940997,1.0290255522561198,0.0,0.0
STU-164,0.5712090638488149,0.0,0.0,0.0,0.0,0.5712090638488149,0.0,0.0,1.7136271915464447,0.0,0.5769498103804866,0.0,0.0,0.0,0.0,0.5109989664762282,0.5769498103804866,0.0,0.0,0.5109989664762282,0.0,0.0,0.0,0.0,0.0,0.0,0.0,0.0,0.17033298882540943,0.0,0.5109989664762282,0.0,0.5769498103804866,0.0,0.0,0.0,0.5769498103804866,0.0,0.0,0.0,0.0,0.0,0.0,0.0,0.0,0.0,0.0,0.0,0.0,0.0,0.0,0.0,0.0,0.0,0.0,0.0,0.0,0.0,0.0,0.0,0.0,0.0,0.0,0.0,0.0,0.0,0.0,0.0,0.0,0.0,0.0,0.0,0.0,0.0,0.0
STU-165,0.0,0.0,0.0,0.0,0.0,0.0,0.0,0.0,0.0,0.0,0.0,0.0,0.0,0.0,0.0,0.0,0.0,0.0,0.0,0.0,0.0,0.0,0.0,0.0,0.0,0.0,0.0,0.0,0.0,0.0,0.0,0.0,0.0,0.0,0.0,0.0,0.0,0.0,0.0,0.0,0.0,0.0,0.0,2.0109601381069178,0.0,0.0,0.6703200460356393,0.0,0.0,0.0,2.0109601381069178,0.0,0.0,0.0,0.0,0.0,0.0,0.6703200460356393,0.0,0.0,0.6703200460356393,0.0,0.0,0.0,0.0,0.0,0.0,0.6703200460356393,0.0,0.0,0.0,0.6703200460356393,0.6703200460356393,0.0,0.6703200460356393
STU-166,0.0,0.0,0.4771139155210344,1.4457269702706073,0.0,0.9499103081371595,0.0,0.3134861808826053,0.3134861808826053,0.0,0.0,0.0,0.0,0.4771139155210344,0.4771139155210344,0.3134861808826053,0.0,0.0,0.4771139155210344,0.0,0.0,0.0,0.0,0.3134861808826053,0.0,0.0,0.7557837414557255,0.7557837414557255,0.0,0.4771139155210344,1.431341746563103,0.7557837414557255,0.0,0.0,0.0,0.7557837414557255,0.0,0.0,0.0,0.0,0.0,0.0,0.0,0.0,0.0,0.0,0.0,0.0,0.0,0.0,0.0,0.0,0.0,0.0,0.0,0.0,0.0,0.0,0.0,0.0,0.0,0.0,0.0,0.0,0.0,0.0,0.0,0.0,0.0,0.0,0.0,0.0,0.0,0.0,0.0
STU-167,0.0,0.0,0.0,0.0,0.0,0.0,0.0,0.0,0.0,0.0,0.0,0.0,0.0,0.0,0.0,0.0,0.0,0.0,0.0,0.0,0.0,0.0,0.0,0.0,0.0,0.0,0.0,0.0,0.0,0.0,0.0,0.0,0.0,0.0,0.0,0.0,0.0,0.0,0.0,0.0,0.0,0.0,0.0,0.0,0.8607079764250578,0.0,0.0,0.0,0.0,0.0,0.0,0.0,0.0,0.0,0.0,0.0,0.0,0.8607079764250578,0.0,0.6367439214802291,0.0,0.21224797382674304,0.21224797382674304,0.0,0.0,0.0,0.0,0.0,0.0,0.0,0.6431433042809338,0.0,0.0,0.8607079764250578,0.21224797382674304
STU-168,0.6004955788122659,0.0,0.0,0.6004955788122659,0.0,0.0,0.0,0.0,0.0,0.0,0.0,0.0,0.0,0.0,0.0,0.0,0.6004955788122659,0.0,0.0,0.0,0.0,0.0,0.0,0.0,0.0,0.0,0.0,0.0,0.0,0.0,0.0,0.0,0.0,0.0,0.6004955788122659,0.0,0.0,0.0,0.0,0.0,0.0,0.0,0.0,0.0,0.0,0.0,0.0,0.0,0.0,0.0,0.0,0.0,0.0,0.0,0.0,0.0,0.0,0.0,0.0,0.0,0.0,0.0,0.0,0.0,0.0,0.0,0.0,0.0,0.0,0.0,0.0,0.0,0.0,0.0,0.0
STU-169,0.0,0.0,0.0,0.0,0.0,0.0,0.0,0.0,0.0,0.0,0.0,0.0,0.0,0.0,0.0,0.0,0.0,0.0,0.0,0.0,0.0,0.0,0.0,0.0,0.0,0.0,0.0,0.0,0.0,0.0,0.0,0.0,0.0,0.0,0.0,0.0,0.0,0.0,0.2865047968601901,0.0,0.2865047968601901,0.2865047968601901,0.2865047968601901,0.2865047968601901,0.0,0.0,0.0,0.0,0.0,0.0,0.2865047968601901,0.0,0.0,0.0,0.0,0.0,0.9231163463866358,0.0,0.0,0.0,0.0,0.0,0.0,0.0,0.0,0.9231163463866358,0.0,0.0,0.2865047968601901,0.0,0.0,0.0,0.2865047968601901,0.2865047968601901,0.0
STU-170,0.3642189795715233,0.0,0.20804518235702046,0.0,0.3642189795715233,0.20804518235702046,0.0,0.0,0.0,0.0,0.3642189795715233,0.0,0.0,0.0,0.0,0.0,0.0,0.3642189795715233,0.0,0.0,0.3642189795715233,0.3642189795715233,0.3642189795715233,0.0,0.0,0.0,0.0,0.20804518235702046,0.0,0.0,0.6241355470710614,0.3642189795715233,0.0,0.0,0.20804518235702046,0.0,0.0,0.0,0.0,0.0,0.0,0.0,0.0,0.0,0.0,0.0,0.0,0.0,0.0,0.0,0.0,0.0,0.0,0.0,0.0,0.0,0.0,0.0,0.0,0.0,0.0,0.0,0.0,0.0,0.0,0.0,0.0,0.0,0.0,0.0,0.0,0.0,0.0,0.0,0.0
STU-171,0.0,0.0,0.0,0.0,0.0,0.0,0.0,0.0,0.0,0.0,0.0,0.0,0.0,0.0,0.0,0.0,0.0,0.0,0.0,0.0,0.0,0.0,0.0,0.0,0.0,0.0,0.0,0.0,0.0,0.0,0.0,0.0,0.0,0.0,0.0,0.0,0.0,0.0,1.0603640458763404,0.6126263941844161,0.44043165450599925,1.0603640458763404,0.35345468195878016,0.0,0.0,0.35345468195878016,0.0,0.0,0.0,0.6126263941844161,0.0,0.0,0.0,0.35345468195878016,1.3212949635179978,0.35345468195878016,0.0,0.35345468195878016,0.0,0.6126263941844161,1.071020881707442,0.0,0.0,0.44043165450599925,0.44043165450599925,0.0,0.0,0.6126263941844161,0.44043165450599925,0.35345468195878016,0.0,0.0,0.0,0.0,0.0
STU-172,0.0,0.0,0.0,0.0,0.0,0.0,0.0,0.0,0.0,0.0,0.0,0.0,0.0,0.0,0.0,0.0,0.0,0.0,0.0,0.0,0.0,0.0,0.0,0.0,0.0,0.0,0.0,0.0,0.0,0.0,0.0,0.0,0.0,0.0,0.0,0.0,0.0,0.0,0.0,0.27803730045319414,0.8341119013595824,0.0,0.0,0.0,0.9900498337491681,0.0,0.8607079764250578,0.0,0.27803730045319414,0.8607079764250578,0.8607079764250578,2.5821239292751734,0.0,0.9900498337491681,0.0,0.0,0.8607079764250578,0.8607079764250578,0.27803730045319414,0.0,0.8607079764250578,0.0,0.0,0.9900498337491681,0.8607079764250578,0.0,0.0,0.8607079764250578,0.0,0.0,0.0,0.27803730045319414,0.0,0.0,0.8607079764250578
STU-173,0.0,0.0,0.0,0.0,0.0,0.0,0.0,0.0,0.0,0.0,0.0,0.0,0.0,0.0,0.0,0.0,0.0,0.0,0.0,0.0,0.0,0.0,0.0,0.0,0.0,0.0,0.0,0.0,0.0,0.0,0.0,0.0,0.0,0.0,0.0,0.0,0.0,0.0,0.0,0.0,0.0,0.0,0.0,0.0,0.0,0.0,0.0,0.0,1.7482447571219688,0.0,0.0,0.0,0.0,0.0,0.0,0.0,0.0,0.0,0.0,0.0,0.0,0.0,0.0,0.0,0.0,0.0,0.5827482523739896,0.0,0.0,0.0,0.0,0.0,0.5827482523739896,0.0,0.0
STU-174,0.0,0.0,0.0,0.0,0.0,0.0,0.0,0.0,0.0,0.0,0.0,0.0,0.0,0.0,0.0,0.0,0.0,0.0,0.0,0.0,0.0,0.0,0.0,0.0,0.0,0.0,0.0,0.0,0.0,0.0,0.0,0.0,0.0,0.0,0.0,0.0,0.0,0.0,0.0,0.0,0.0,0.0,0.0,0.49658530379140947,0.0,0.0,0.49658530379140947,0.0,0.0,0.0,0.0,0.0,0.49658530379140947,0.0,0.0,0.0,0.0,0.49658530379140947,0.0,0.49658530379140947,0.0,0.0,0.0,0.49658530379140947,0.49658530379140947,0.0,0.49658530379140947,0.0,0.0,0.0,0.0,0.0,0.0,0.0,0.49658530379140947
STU-175,0.0,0.0,0.0,0.0,0.0,0.0,0.0,0.0,0.0,0.0,0.0,0.0,0.0,0.0,0.0,0.0,0.0,0.0,0.0,0.0,0.0,0.0,0.0,0.0,0.0,0.0,0.0,0.0,0.0,0.0,0.0,0.0,0.0,0.0,0.0,0.0,0.0,0.0,0.0,0.0,0.0,0.23692775868212176,0.0,0.0,0.23692775868212176,0.0,0.0,0.0,0.0,0.0,0.0,0.23692775868212176,0.0,0.0,0.23692775868212176,0.0,0.0,0.0,0.0,0.23692775868212176,0.0,0.0,0.0,0.0,0.23692775868212176,0.0,0.23692775868212176,0.0,0.0,0.0,0.0,0.0,0.0,0.23692775868212176,0.0
STU-176,0.0,0.0,0.0,0.0,0.0,0.0,0.0,0.0,0.0,0.0,0.0,0.0,0.0,0.0,0.0,0.0,0.0,0.0,0.0,0.0,0.0,0.0,0.0,0.0,0.0,0.0,0.0,0.0,0.0,0.0,0.0,0.0,0.0,0.0,0.0,0.0,0.0,0.0,0.0,0.0,0.2209099779593782,0.5769498103804866,0.0,0.0,0.6627299338781346,0.0,0.0,0.0,0.0,0.6627299338781346,0.2209099779593782,0.0,0.0,0.2209099779593782,0.0,0.0,0.0,0.0,0.2209099779593782,0.0,0.2209099779593782,0.0,0.0,0.0,0.0,0.2209099779593782,0.0,0.2209099779593782,0.0,0.0,0.5769498103804866,0.0,0.0,0.0,0.0
STU-177,0.0,0.0,0.0,0.0,0.0,0.0,0.0,0.0,0.0,0.0,0.0,0.0,0.0,0.0,0.0,0.9139311852712282,0.0,0.0,0.0,0.0,0.0,0.0,0.9139311852712282,0.0,0.0,4.524187090179797,0.0,0.0,0.0,0.0,0.0,0.0,0.0,0.0,0.0,0.0,0.0,0.0,0.0,0.0,0.0,0.0,0.0,0.0,0.0,0.0,0.0,0.0,0.0,0.0,0.0,0.0,0.0,0.0,0.0,0.0,0.0,0.0,0.0,0.0,0.0,0.0,0.0,0.0,0.0,0.0,0.0,0.0,0.0,0.0,0.0,0.0,0.0,0.0,0.0
STU-178,0.0,0.0,0.0,0.0,0.0,0.0,0.0,0.0,0.0,0.0,0.0,0.0,0.0,0.0,0.0,0.0,0.0,0.0,0.0,0.0,0.0,0.0,0.0,0.0,0.0,0.0,0.0,0.0,0.0,0.0,0.0,0.0,0.0,0.0,0.0,0.0,0.0,0.0,0.21653566731600707,0.21653566731600707,0.0,0.0,0.0,0.0,0.0,0.0,0.0,0.0,0.0,0.0,0.21653566731600707,0.0,0.0,0.0,0.21653566731600707,0.0,0.21653566731600707,0.0,0.21653566731600707,0.21653566731600707,0.0,0.0,0.0,0.6496070019480212,0.0,0.0,0.0,0.0,0.0,0.21653566731600707,0.0,0.0,0.0,0.21653566731600707,0.0
STU-179,0.5117085777865424,0.0,0.0,0.5117085777865424,0.5117085777865424,0.0,0.0,0.0,0.0,0.0,0.0,0.0,0.0,0.0,0.0,0.5117085777865424,0.0,0.0,0.0,0.5117085777865424,0.5117085777865424,0.0,0.0,0.0,0.0,0.0,0.0,0.0,0.5117085777865424,0.0,0.0,0.0,0.0,0.0,0.0,0.0,0.0,0.0,0.0,0.0,0.0,0.0,0.0,0.0,0.0,0.0,0.0,0.0,0.0,0.0,0.0,0.0,0.0,0.0,0.0,0.0,0.0,0.0,0.0,0.0,0.0,0.0,0.0,0.0,0.0,0.0,0.0,0.0,0.0,0.0,0.0,0.0,0.0,0.0,0.0
STU-180,0.0,0.0,0.0,0.0,0.0,0.0,0.0,0.0,0.0,0.0,0.0,0.0,0.0,0.0,0.0,0.0,0.0,0.0,0.0,0.0,0.0,0.0,0.0,0.0,0.0,0.0,0.0,0.0,0.0,0.0,0.0,0.0,0.0,0.0,0.0,0.0,0.0,0.0,0.0,0.0,0.48190899009020244,0.0,0.9607894391523232,0.0,0.48190899009020244,1.4457269702706073,0.9607894391523232,0.0,0.0,0.0,0.48190899009020244,0.0,0.0,0.48190899009020244,0.48190899009020244,0.0,0.0,4.34679117699403,0.0,0.0,0.0,1.2694862469532464,0.0,0.9607894391523232,0.0,1.460256767879915,0.0,0.0,0.4231620823177488,0.4231620823177488,0.0,0.0,0.0,0.0,0.0
STU-181,0.0,0.0,0.0,0.0,0.0,0.0,0.0,0.0,0.0,0.0,0.0,0.0,0.0,0.0,0.0,0.0,0.0,0.0,0.0,0.0,0.0,0.0,0.0,0.0,0.0,0.0,0.0,0.0,0.0,0.0,0.0,0.0,0.0,0.0,0.0,0.0,0.0,0.0,0.9048374180359595,0.0,0.0,0.0,0.0,0.9048374180359595,0.0,0.0,0.0,0.9048374180359595,0.0,0.0,0.9048374180359595,0.0,4.524187090179797,0.0,0.0,0.0,0.0,0.0,0.9048374180359595,0.9048374180359595,0.0,0.0,0.0,0.0,0.0,0.0,0.9048374180359595,0.0,0.0,0.0,0.0,0.0,0.0,0.0,0.0
STU-182,0.0,0.0,0.0,0.0,0.0,0.0,0.0,0.0,0.0,0.0,0.0,0.0,0.0,0.0,0.0,0.0,0.0,0.0,0.0,0.0,0.0,0.0,0.0,0.0,0.0,0.0,0.0,0.0,0.0,0.0,0.0,0.0,0.0,0.0,0.0,0.0,0.0,0.0,0.0,0.0,0.0,0.0,0.0,0.23692775868212176,0.23692775868212176,0.0,0.7107832760463653,0.0,0.0,0.5117085777865424,0.0,0.0,0.5117085777865424,0.5117085777865424,0.0,0.0,0.5117085777865424,0.0,0.0,0.0,0.0,0.0,0.5117085777865424,0.0,0.5117085777865424,0.0,0.5117085777865424,0.23692775868212176,0.23692775868212176,0.0,0.23692775868212176,0.0,0.0,0.0,0.0
STU-183,0.0,0.0,0.0,0.0,0.0,0.0,0.0,0.0,0.0,0.0,0.0,0.31663676937905316,0.0,0.5886049696783552,0.31663676937905316,0.5886049696783552,0.0,0.0,0.0,0.0,0.0,0.0,0.0,0.31663676937905316,0.9594570654489115,0.0,0.31663676937905316,0.0,0.31663676937905316,0.31663676937905316,0.31663676937905316,0.9594570654489115,0.0,0.0,0.0,0.0,0.0,0.0,0.0,0.0,0.0,0.0,0.0,0.0,0.0,0.0,0.0,0.0,0.0,0.0,0.0,0.0,0.0,0.0,0.0,0.0,0.0,0.0,0.0,0.0,0.0,0.0,0.0,0.0,0.0,0.0,0.0,0.0,0.0,0.0,0.0,0.0,0.0,0.0,0.0
STU-184,0.0,0.0,0.0,0.0,0.0,0.0,0.0,0.0,0.0,0.0,0.0,0.0,0.0,0.0,0.0,0.0,0.0,0.0,0.0,0.0,0.0,0.0,0.0,0.0,0.0,0.0,0.0,0.0,0.0,0.0,0.0,0.0,0.0,0.0,0.0,0.0,0.0,0.0,0.0,0.0,0.30727873860113125,0.0,0.0,0.0,0.0,0.30727873860113125,0.0,0.0,0.0,0.0,0.0,0.0,0.0,0.0,0.4065696597405991,0.0,0.0,0.0,0.9218362158033937,0.0,0.0,0.0,0.0,0.4065696597405991,0.4065696597405991,0.30727873860113125,0.0,0.0,0.0,0.30727873860113125,0.30727873860113125,0.0,0.0,0.30727873860113125,0.30727873860113125
STU-185,0.0,0.0,0.0,0.0,0.0,0.0,0.0,0.18637397603940997,0.7777207819376746,0.0,0.0,0.0,0.0,0.0,0.7866278610665535,0.18637397603940997,0.18637397603940997,0.0,0.0,0.0,0.7777207819376746,0.7866278610665535,0.2592402606458915,0.0,0.0,0.0,0.0,0.0,0.0,0.18637397603940997,0.0,0.5647411969162404,0.0,0.18637397603940997,0.18637397603940997,0.18637397603940997,0.0,0.0,0.0,0.0,0.0,0.0,0.0,0.0,0.0,0.0,0.0,0.0,0.0,0.0,0.0,0.0,0.0,0.0,0.0,0.0,0.0,0.0,0.0,0.0,0.0,0.0,0.0,0.0,0.0,0.0,0.0,0.0,0.0,0.0,0.0,0.0,0.0,0.0,0.0
STU-186,0.0,0.0,0.0,0.0,0.0,0.0,0.0,0.0,0.0,0.0,0.0,0.0,0.0,0.0,0.0,0.0,0.0,0.0,0.0,0.0,0.0,0.0,0.0,0.0,0.0,0.0,0.0,0.0,0.0,0.0,0.0,0.0,0.0,0.0,0.0,0.0,0.0,0.0,0.17204486382305054,0.0,0.0,0.0,0.0,0.0,0.0,0.17204486382305054,0.7710515858035663,0.7710515858035663,0.0,0.0,0.0,0.17204486382305054,0.0,0.0,0.0,0.17204486382305054,0.17204486382305054,0.0,0.0,0.0,0.0,0.17204486382305054,0.0,0.0,0.7710515858035663,0.0,0.0,0.0,0.0,0.0,0.7710515858035663,0.17204486382305054,0.5161345914691516,0.0,0.0
STU-187,0.0,0.0,0.0,0.0,0.0,0.0,0.0,0.0,0.0,0.0,0.0,0.0,0.0,0.0,0.0,0.0,0.0,0.0,0.0,0.0,0.0,0.0,0.0,0.0,0.0,0.0,0.0,0.0,0.0,0.0,0.0,0.0,0.0,0.0,0.0,0.0,0.0,0.0,0.0,0.6838614092123558,0.0,0.0,0.0,0.0,0.0,0.0,0.0,0.0,0.6838614092123558,0.6838614092123558,0.0,0.0,0.0,0.0,0.0,0.0,0.0,0.6838614092123558,0.0,0.0,0.0,0.6838614092123558,0.0,0.0,0.0,0.0,0.0,0.0,0.6838614092123558,0.0,0.0,0.0,0.0,0.0,0.0
STU-188,0.0,0.0,0.7710515858035663,0.17906614791149322,0.0,0.0,0.7710515858035663,0.7557837414557255,2.2901384830105593,0.0,0.7557837414557255,0.7710515858035663,0.0,0.7710515858035663,0.7557837414557255,0.7557837414557255,0.7557837414557255,0.7710515858035663,0.0,0.0,2.2673512243671765,0.7710515858035663,0.0,0.7557837414557255,0.7710515858035663,0.0,0.0,0.0,0.17906614791149322,0.0,0.0,0.7557837414557255,0.7557837414557255,0.0,0.0,0.17906614791149322,0.0,0.0,0.0,0.0,0.0,0.0,0.0,0.0,0.0,0.0,0.0,0.0,0.0,0.0,0.0,0.0,0.0,0.0,0.0,0.0,0.0,0.0,0.0,0.0,0.0,0.0,0.0,0.0,0.0,0.0,0.0,0.0,0.0,0.0,0.0,0.0,0.0,0.0,0.0
STU-189,0.31663676937905316,0.522045776761016,0.0,0.0,0.0,0.0,0.0,0.522045776761016,0.522045776761016,0.31663676937905316,0.522045776761016,0.0,0.0,0.0,0.0,0.522045776761016,0.0,0.0,0.0,0.0,0.9499103081371595,0.522045776761016,0.0,0.0,0.31663676937905316,0.31663676937905316,0.522045776761016,0.522045776761016,0.0,0.31663676937905316,0.0,0.0,0.0,0.0,0.31663676937905316,0.0,0.31663676937905316,0.522045776761016,0.0,0.0,0.0,0.0,0.0,0.0,0.0,0.0,0.0,0.0,0.0,0.0,0.0,0.0,0.0,0.0,0.0,0.0,0.0,0.0,0.0,0.0,0.0,0.0,0.0,0.0,0.0,0.0,0.0,0.0,0.0,0.0,0.0,0.0,0.0,0.0,0.0
STU-190,0.0,0.0,0.0,0.0,0.0,0.0,0.0,0.0,0.0,0.0,0.0,0.0,0.0,0.0,0.0,0.0,0.0,0.0,0.0,0.0,0.0,0.0,0.0,0.0,0.0,0.0,0.0,0.0,0.0,0.0,0.0,0.0,0.0,0.0,0.0,0.0,0.0,0.0,0.0,0.6770568744981647,0.0,0.6770568744981647,0.0,0.6770568744981647,0.0,0.6770568744981647,0.0,0.6770568744981647,0.8025187979624785,0.6770568744981647,0.0,0.6770568744981647,0.0,0.0,0.0,0.0,0.0,0.0,0.0,0.6770568744981647,0.8025187979624785,0.0,0.8025187979624785,0.0,0.0,0.0,0.6770568744981647,0.6770568744981647,0.8025187979624785,0.0,2.0311706234944937,0.0,0.0,0.0,0.0
STU-191,0.0,0.0,0.0,0.0,0.0,0.0,0.0,0.0,0.0,0.0,0.0,0.0,0.0,0.0,0.0,0.0,0.0,0.0,0.0,0.0,0.0,0.0,0.0,0.0,0.0,0.0,0.0,0.0,0.0,0.0,0.0,0.0,0.0,0.0,0.0,0.0,0.0,0.0,0.0,0.5066169923655895,0.1686381472685955,0.0,0.5066169923655895,0.0,0.0,0.0,1.5047282071981662,0.0,0.5015760690660555,0.0,0.0,0.0,0.0,0.1686381472685955,0.0,0.0,0.0,0.0,0.5066169923655895,0.1686381472685955,0.5109989664762282,0.0,0.0,0.5059144418057865,0.5059144418057865,0.5015760690660555,0.1686381472685955,1.5047282071981662,1.5047282071981662,0.5015760690660555,0.0,0.0,0.5015760690660555,0.0,0.5066169923655895
STU-192,0.0,0.0,0.0,0.0,0.0,0.0,0.0,0.0,0.0,0.0,0.0,0.0,0.0,0.0,0.0,0.0,0.0,0.0,0.0,0.0,0.0,0.0,0.0,0.0,0.0,0.0,0.0,0.0,0.0,0.0,0.0,0.0,0.0,0.0,0.0,0.0,0.0,0.0,0.0,0.0,0.0,0.21224797382674304,0.0,0.0,0.0,0.0,0.0,0.0,0.0,0.21224797382674304,0.34300851741870664,0.0,0.0,0.34300851741870664,0.0,0.0,0.0,0.2698200563846868,0.34300851741870664,0.34300851741870664,0.0,0.0,0.6367439214802291,0.34300851741870664,0.21224797382674304,0.0,0.2698200563846868,0.0,0.0,0.0,0.0,0.0,0.0,0.8094601691540604,0.0
STU-193,0.0,0.0,0.0,0.0,0.0,0.0,0.0,0.0,0.0,0.0,0.0,0.0,0.0,0.0,0.0,0.0,0.0,0.0,0.0,0.0,0.0,0.0,0.0,0.0,0.0,0.0,0.0,0.0,0.0,0.0,0.0,0.0,0.0,0.0,0.0,0.0,0.0,0.0,0.19592957412690934,0.587788722380728,0.4448580662229411,0.0,0.0,0.0,0.0,0.9594570654489115,0.0,0.0,0.0,0.0,0.0,0.0,0.0,0.0,0.0,0.0,0.0,0.0,0.31981902181630384,0.9594570654489115,0.0,0.31981902181630384,0.0,0.4448580662229411,0.0,0.0,0.0,0.0,0.0,0.0,0.4448580662229411,0.0,0.19592957412690934,0.4448580662229411,0.0
STU-194,0.0,0.0,4.303539882125289,0.0,0.0,0.0,0.0,0.0,0.35345468195878016,0.0,0.0,0.9323938199059483,0.0,0.9323938199059483,0.0,0.0,0.0,0.0,0.0,0.0,0.0,0.0,0.35345468195878016,0.9323938199059483,0.0,0.0,0.9323938199059483,0.0,0.0,0.0,0.0,0.0,3.619349672143838,0.0,1.0603640458763404,0.0,0.0,0.0,0.0,0.0,0.0,0.0,0.0,0.0,0.0,0.0,0.0,0.0,0.0,0.0,0.0,0.0,0.0,0.0,0.0,0.0,0.0,0.0,0.0,0.0,0.0,0.0,0.0,0.0,0.0,0.0,0.0,0.0,0.0,0.0,0.0,0.0,0.0,0.0,0.0
STU-195,0.0,0.0,0.0,0.0,0.0,0.0,0.0,0.0,0.0,0.0,0.0,0.0,0.0,0.0,0.0,0.0,0.0,0.0,0.0,0.0,0.0,0.0,0.0,0.0,0.0,0.0,0.0,0.0,0.0,0.0,0.0,0.0,0.0,0.0,0.0,0.0,0.0,0.0,0.0,0.0,0.0,0.3499377491111553,0.3499377491111553,0.0,0.0,0.0,0.0,0.0,0.0,0.0,0.0,0.0,0.0,0.0,0.0,0.0,0.0,0.0,0.0,0.0,0.0,0.0,0.0,0.0,0.3499377491111553,0.0,0.0,0.0,0.0,0.0,0.0,0.0,0.0,0.0,0.0
STU-196,0.0,0.44043165450599925,0.0,0.44043165450599925,0.2836540264997704,0.0,0.0,0.44043165450599925,0.0,0.0,0.0,0.0,0.44043165450599925,0.0,0.0,0.0,0.2836540264997704,0.0,0.0,0.0,0.0,0.0,0.0,0.0,0.0,0.0,0.0,0.8509620794993111,0.44043165450599925,0.0,0.0,0.0,0.0,0.0,0.0,0.0,0.2836540264997704,0.0,0.0,0.0,0.0,0.0,0.0,0.0,0.0,0.0,0.0,0.0,0.0,0.0,0.0,0.0,0.0,0.0,0.0,0.0,0.0,0.0,0.0,0.0,0.0,0.0,0.0,0.0,0.0,0.0,0.0,0.0,0.0,0.0,0.0,0.0,0.0,0.0,0.0
STU-197,0.32955896107518906,0.0,0.0,0.0,0.0,0.0,0.0,0.0,0.0,0.0,0.0,0.0,0.0,0.32955896107518906,0.0,3.023134965822902,0.0,0.0,0.0,0.9986132510942387,0.32955896107518906,0.0,0.0,0.0,0.0,0.0,0.0,0.8521437889662113,0.0,0.0,0.0,0.0,0.0,0.0,0.32955896107518906,0.0,0.8521437889662113,0.8521437889662113,0.0,0.0,0.0,0.0,0.0,0.0,0.0,0.0,0.0,0.0,0.0,0.0,0.0,0.0,0.0,0.0,0.0,0.0,0.0,0.0,0.0,0.0,0.0,0.0,0.0,0.0,0.0,0.0,0.0,0.0,0.0,0.0,0.0,0.0,0.0,0.0,0.0
STU-198,0.0,0.0,0.0,0.0,0.0,0.0,0.0,0.0,0.0,0.0,0.0,0.0,0.0,0.0,0.0,0.0,0.0,0.0,0.0,0.0,0.0,0.0,0.0,0.0,0.0,0.0,0.0,0.0,0.0,0.0,0.0,0.0,0.0,0.0,0.0,0.0,0.0,0.0,0.5066169923655895,0.5827482523739896,0.9704455335485082,0.5827482523739896,0.0,0.0,1.7658149090350657,0.9704455335485082,0.5827482523739896,4.661969099529742,0.0,0.9704455335485082,0.0,0.0,0.0,0.5827482523739896,0.0,1.5198509770967688,0.0,0.0,0.0,0.0,0.5827482523739896,0.0,1.7482447571219688,0.0,0.5827482523739896,0.0,0.0,0.0,0.0,1.5198509770967688,0.9704455335485082,1.7482447571219688,0.0,0.9704455335485082,0.0
STU-199,0.0,0.0,0.0,0.0,0.0,0.0,0.0,0.0,0.0,0.0,0.0,0.0,0.0,0.0,0.0,0.0,0.0,0.0,0.0,0.0,0.0,0.0,0.0,0.0,0.0,0.0,0.0,0.0,0.0,0.0,0.0,0.0,0.0,0.0,0.0,0.0,0.0,0.0,0.0,0.8521437889662113,0.0,0.8521437889662113,0.0,0.8521437889662113,0.0,0.0,0.8521437889662113,0.0,0.3499377491111553,1.049813247333466,0.3499377491111553,0.0,0.0,0.0,0.8521437889662113,0.3499377491111553,0.0,0.0,0.0,0.0,0.8521437889662113,0.0,0.8521437889662113,0.0,0.3499377491111553,0.0,0.3499377491111553,0.0,0.0,0.0,0.0,0.0,0.0,0.8521437889662113,0.3499377491111553
STU-200,0.0,0.3134861808826053,0.0,0.0,0.0,0.0,0.0,0.0,0.0,0.0,0.20804518235702046,0.0,0.0,0.3134861808826053,0.20804518235702046,0.0,0.0,0.0,0.0,0.20804518235702046,0.0,0.0,0.0,0.0,0.0,0.0,0.20804518235702046,0.20804518235702046,0.0,0.0,0.20804518235702046,0.0,0.3134861808826053,0.0,0.0,0.6241355470710614,0.3134861808826053,0.20804518235702046,0.0,0.0,0.0,0.0,0.0,0.0,0.0,0.0,0.0,0.0,0.0,0.0,0.0,0.0,0.0,0.0,0.0,0.0,0.0,0.0,0.0,0.0,0.0,0.0,0.0,0.0,0.0,0.0,0.0,0.0,0.0,0.0,0.0,0.0,0.0,0.0,0.0
